46.11610, 0.00314, -0.00314, -0.00155, 0.00000, 0.00000, 0.00000, 0.00000
46.12278, 0.00314, -0.00314, -0.00129, 0.00000, 0.00000, 0.03957, 16.49831
46.12945, 0.00314, -0.00314, -0.00111, 0.00000, 0.00000, 0.02638, 16.33036
46.13612, 0.00628, -0.00314, -0.00085, 0.47101, 0.00000, 0.03957, 16.14029
46.14279, 0.00628, 0.00000, -0.00032, 0.00000, 0.47101, 0.07913, 26.68571
46.14946, 0.00628, 0.00314, 0.00029, 0.00000, 0.47101, 0.09232, 26.45125
46.15614, 0.00942, 0.00628, 0.00073, 0.47094, 0.47101, 0.06594, 9.08030
46.16281, 0.01257, 0.00942, 0.00144, 0.47101, 0.47094, 0.10551, 8.98958
46.16948, 0.01257, 0.01257, 0.00223, 0.00000, 0.47101, 0.11870, 12.95122
46.17615, 0.01571, 0.01571, 0.00276, 0.47101, 0.47101, 0.07913, -1.87462
46.18282, 0.01885, 0.01885, 0.00346, 0.47101, 0.47101, 0.10551, -0.74170
46.18950, 0.02199, 0.02199, 0.00425, 0.47101, 0.47101, 0.11870, 3.83068
46.19617, 0.02513, 0.02827, 0.00504, 0.47101, 0.94202, 0.11870, 10.22690
46.20284, 0.02513, 0.03142, 0.00575, 0.00000, 0.47097, 0.10551, 1.79666
46.20951, 0.02827, 0.03456, 0.00592, 0.47101, 0.47101, 0.02638, -26.68571
46.21618, 0.03142, 0.03770, 0.00654, 0.47097, 0.47101, 0.09232, -24.41393
46.22285, 0.03142, 0.04084, 0.00716, 0.00000, 0.47101, 0.09232, -10.53429
46.22953, 0.03456, 0.04398, 0.00716, 0.47101, 0.47101, 0.00000, -23.84050
46.23620, 0.03456, 0.04398, 0.00724, 0.00000, 0.00000, 0.01319, -25.01291
46.24287, 0.03456, 0.04398, 0.00742, 0.00000, 0.00000, 0.02638, -17.71276
46.24954, 0.03456, 0.04398, 0.00724, 0.00000, 0.00000, -0.02638, -17.67270
46.25621, 0.03456, 0.04398, 0.00707, 0.00000, 0.00000, -0.02638, -20.93269
46.26289, 0.03456, 0.04398, 0.00663, 0.00000, 0.00000, -0.06594, -25.79850
46.26956, 0.03142, 0.04084, 0.00628, -0.47101, -0.47101, -0.05276, -23.19581
46.27623, 0.03142, 0.04084, 0.00575, 0.00000, 0.00000, -0.07913, -18.23268
46.28291, 0.02827, 0.03770, 0.00496, -0.47097, -0.47101, -0.11870, -18.50172
46.28958, 0.02513, 0.03456, 0.00390, -0.47101, -0.47101, -0.15827, -26.66129
46.29625, 0.02513, 0.03142, 0.00276, 0.00000, -0.47101, -0.17145, -26.06141
46.30292, 0.02199, 0.02513, 0.00188, -0.47101, -0.94199, -0.13189, -12.55169
46.30959, 0.01571, 0.02199, 0.00082, -0.94202, -0.47101, -0.15827, 1.61261
46.31627, 0.01257, 0.01571, -0.00085, -0.47101, -0.94202, -0.25059, -19.54308
46.32294, 0.00942, 0.01257, -0.00191, -0.47101, -0.47101, -0.15827, -13.51652
46.32961, 0.00628, 0.00628, -0.00349, -0.47094, -0.94195, -0.23740, -18.20729
46.33628, 0.00314, 0.00000, -0.00490, -0.47101, -0.94202, -0.21102, -8.58176
46.34295, -0.00314, -0.00628, -0.00613, -0.94202, -0.94202, -0.18464, 8.14934
46.34962, -0.00628, -0.01257, -0.00771, -0.47101, -0.94202, -0.23740, 3.64879
46.35630, -0.00942, -0.01885, -0.00886, -0.47101, -0.94199, -0.17146, 17.59764
46.36297, -0.01257, -0.02199, -0.01000, -0.47101, -0.47101, -0.17145, 26.68571
46.36964, -0.01571, -0.02513, -0.01088, -0.47097, -0.47101, -0.13189, 26.68571
46.37631, -0.01885, -0.02827, -0.01185, -0.47101, -0.47101, -0.14508, 16.44995
46.38298, -0.02199, -0.03142, -0.01255, -0.47101, -0.47094, -0.10551, 21.55912
46.38966, -0.02199, -0.03456, -0.01334, 0.00000, -0.47108, -0.13189, 14.81541
46.39633, -0.02199, -0.03456, -0.01387, 0.00000, 0.00000, -0.06594, 26.68571
46.40300, -0.02199, -0.03456, -0.01431, 0.00000, 0.00000, -0.06594, 26.68571
46.40967, -0.02513, -0.03456, -0.01449, -0.47101, 0.00000, -0.02638, 25.99787
46.41634, -0.02199, -0.03456, -0.01484, 0.47101, 0.00000, -0.05276, 9.71031
46.42302, -0.02199, -0.03142, -0.01466, 0.00000, 0.47108, 0.02638, 21.74047
46.42969, -0.02199, -0.03142, -0.01484, 0.00000, 0.00000, -0.02638, 2.55576
46.43636, -0.02199, -0.02827, -0.01475, 0.00000, 0.47094, 0.01319, 0.00791
46.44303, -0.02199, -0.02827, -0.01501, 0.00000, 0.00000, -0.03957, -13.72093
46.44970, -0.01885, -0.02827, -0.01510, 0.47101, 0.00000, -0.01319, -13.38386
46.45638, -0.01885, -0.02513, -0.01475, 0.00000, 0.47101, 0.05276, 10.99188
46.46305, -0.01885, -0.02513, -0.01510, 0.00000, 0.00000, -0.05276, -5.72972
46.46972, -0.01885, -0.02513, -0.01528, 0.00000, 0.00000, -0.02638, -10.37867
46.47639, -0.01885, -0.02513, -0.01537, 0.00000, 0.00000, -0.01319, -12.85934
46.48306, -0.02199, -0.02513, -0.01545, -0.47101, 0.00000, -0.01319, -2.23590
46.48973, -0.02199, -0.02827, -0.01624, 0.00000, -0.47101, -0.11870, -26.68571
46.49641, -0.02199, -0.02827, -0.01633, 0.00000, 0.00000, -0.01319, -14.69227
46.50308, -0.02513, -0.03142, -0.01686, -0.47101, -0.47094, -0.07913, -11.01953
46.50975, -0.02513, -0.03456, -0.01739, 0.00000, -0.47108, -0.07913, -5.76902
46.51642, -0.02827, -0.03456, -0.01756, -0.47101, 0.00000, -0.02638, 13.34508
46.52309, -0.02827, -0.03770, -0.01862, 0.00000, -0.47094, -0.15827, -13.51851
46.52977, -0.03142, -0.04084, -0.01880, -0.47094, -0.47108, -0.02638, 2.13724
46.53644, -0.03456, -0.04398, -0.01924, -0.47108, -0.47094, -0.06594, 0.98729
46.54311, -0.03456, -0.04712, -0.01985, 0.00000, -0.47105, -0.09232, -3.86459
46.54979, -0.03770, -0.04712, -0.02020, -0.47094, 0.00000, -0.05276, 10.35985
46.55646, -0.03770, -0.05027, -0.02064, 0.00000, -0.47097, -0.06594, 4.99651
46.56313, -0.04084, -0.05341, -0.02091, -0.47108, -0.47105, -0.03957, 14.12345
46.56980, -0.04084, -0.05341, -0.02126, 0.00000, 0.00000, -0.05276, 9.92721
46.57647, -0.04398, -0.05655, -0.02143, -0.47094, -0.47097, -0.02638, 12.17845
46.58315, -0.04398, -0.05655, -0.02179, 0.00000, 0.00000, -0.05276, -0.07854
46.58982, -0.04398, -0.05969, -0.02187, 0.00000, -0.47097, -0.01319, 6.45393
46.59649, -0.04712, -0.05969, -0.02179, -0.47105, 0.00000, 0.01319, 16.72849
46.60316, -0.04712, -0.05969, -0.02214, 0.00000, 0.00000, -0.05276, 0.95939
46.60983, -0.04712, -0.05969, -0.02214, 0.00000, 0.00000, 0.00000, 1.27827
46.61650, -0.04712, -0.06283, -0.02231, 0.00000, -0.47101, -0.02638, -7.03863
46.62318, -0.04712, -0.06283, -0.02205, 0.00000, 0.00000, 0.03957, 16.30898
46.62985, -0.05027, -0.06283, -0.02196, -0.47097, 0.00000, 0.01319, 15.65534
46.63652, -0.05027, -0.06283, -0.02205, 0.00000, 0.00000, -0.01319, -1.82255
46.64319, -0.05027, -0.06597, -0.02196, 0.00000, -0.47101, 0.01319, -6.29006
46.64986, -0.05027, -0.06597, -0.02161, 0.00000, 0.00000, 0.05276, 10.81361
46.65654, -0.05027, -0.06597, -0.02135, 0.00000, 0.00000, 0.03957, 15.14280
46.66321, -0.05341, -0.06912, -0.02117, -0.47105, -0.47101, 0.02638, 8.99241
46.66988, -0.05341, -0.06912, -0.02073, 0.00000, 0.00000, 0.06594, 12.70668
46.67655, -0.05341, -0.06912, -0.02020, 0.00000, 0.00000, 0.07913, 14.70956
46.68322, -0.05341, -0.06912, -0.01959, 0.00000, 0.00000, 0.09232, 15.38490
46.68990, -0.05341, -0.06597, -0.01906, 0.00000, 0.47101, 0.07913, 7.13487
46.69657, -0.05027, -0.06597, -0.01888, 0.47105, 0.00000, 0.02638, -12.84441
46.70324, -0.05027, -0.06597, -0.01792, 0.00000, 0.00000, 0.14508, 13.58670
46.70991, -0.05027, -0.06597, -0.01712, 0.00000, 0.00000, 0.11870, 21.71588
46.71658, -0.05027, -0.06283, -0.01624, 0.00000, 0.47101, 0.13189, 17.24683
46.72326, -0.05027, -0.06283, -0.01563, 0.00000, 0.00000, 0.09232, -1.00995
46.72993, -0.04712, -0.05969, -0.01475, 0.47097, 0.47101, 0.13189, -6.56201
46.73660, -0.04712, -0.05969, -0.01378, 0.00000, 0.00000, 0.14508, -0.89663
46.74327, -0.04712, -0.05969, -0.01290, 0.00000, 0.00000, 0.13189, 0.97083
46.74994, -0.04712, -0.05969, -0.01202, 0.00000, 0.00000, 0.13189, 1.67865
46.75661, -0.04712, -0.05655, -0.01105, 0.00000, 0.47097, 0.14508, 1.85678
46.76329, -0.04398, -0.05655, -0.01017, 0.47105, 0.00000, 0.13189, -5.92169
46.76996, -0.04398, -0.05655, -0.00921, 0.00000, 0.00000, 0.14508, 2.39188
46.77663, -0.04398, -0.05655, -0.00833, 0.00000, 0.00000, 0.13189, 2.10272
46.78330, -0.04398, -0.05655, -0.00745, 0.00000, 0.00000, 0.13189, 1.88841
46.78997, -0.04398, -0.05655, -0.00639, 0.00000, 0.00000, 0.15827, 9.86507
46.79665, -0.04398, -0.05655, -0.00534, 0.00000, 0.00000, 0.15827, 13.56563
46.80332, -0.04398, -0.05655, -0.00428, 0.00000, 0.00000, 0.17145, 11.47674
46.80999, -0.04398, -0.05655, -0.00314, 0.00000, 0.00000, 0.15827, 10.35669
46.81667, -0.04084, -0.05341, -0.00199, 0.47094, 0.47097, 0.17145, 9.61302
46.82334, -0.04084, -0.05341, -0.00067, 0.00000, 0.00000, 0.19783, 14.12919
46.83001, -0.04084, -0.05341, 0.00082, 0.00000, 0.00000, 0.22421, 23.61924
46.83668, -0.03770, -0.05027, 0.00223, 0.47108, 0.47105, 0.21102, 16.04583
46.84335, -0.03770, -0.04712, 0.00381, 0.00000, 0.47097, 0.23740, 17.04302
46.85003, -0.03456, -0.04398, 0.00531, 0.47094, 0.47105, 0.22421, 0.76876
46.85670, -0.03142, -0.04398, 0.00680, 0.47108, 0.00000, 0.23740, 1.09527
46.86337, -0.03142, -0.04084, 0.00874, 0.00000, 0.47094, 0.27696, 21.09929
46.87004, -0.02827, -0.03770, 0.01041, 0.47094, 0.47108, 0.25059, 10.41908
46.87671, -0.02513, -0.03456, 0.01235, 0.47101, 0.47094, 0.29015, 13.54114
46.88338, -0.02513, -0.03142, 0.01428, 0.00000, 0.47108, 0.29015, 19.03022
46.89006, -0.02199, -0.02827, 0.01604, 0.47101, 0.47094, 0.26378, 1.13095
46.89673, -0.01885, -0.02513, 0.01798, 0.47101, 0.47101, 0.29015, 0.75274
46.90340, -0.01571, -0.02199, 0.02000, 0.47101, 0.47101, 0.30334, 4.69771
46.91007, -0.01571, -0.01885, 0.02193, 0.00000, 0.47101, 0.30334, 6.88707
46.91674, -0.01257, -0.01571, 0.02378, 0.47097, 0.47101, 0.26378, -0.48278
46.92342, -0.00942, -0.01257, 0.02572, 0.47101, 0.47097, 0.29015, 0.63736
46.93009, -0.00628, -0.00942, 0.02748, 0.47101, 0.47101, 0.26378, -6.58208
46.93676, -0.00628, -0.00628, 0.02950, 0.00000, 0.47101, 0.30334, 2.42093
46.94343, -0.00314, -0.00628, 0.03108, 0.47101, 0.00000, 0.23740, -13.46410
46.95010, -0.00314, -0.00314, 0.03302, 0.00000, 0.47101, 0.29015, -0.48512
46.95678, 0.00000, 0.00000, 0.03460, 0.47101, 0.47101, 0.23740, -6.05236
46.96345, 0.00000, 0.00000, 0.03627, 0.00000, 0.00000, 0.26378, -3.70887
46.97012, 0.00000, 0.00000, 0.03786, 0.00000, 0.00000, 0.22421, -6.86217
46.97679, 0.00314, 0.00314, 0.03926, 0.47101, 0.47101, 0.21102, -12.02426
46.98346, 0.00314, 0.00314, 0.04085, 0.00000, 0.00000, 0.23740, -1.14535
46.99014, 0.00314, 0.00314, 0.04226, 0.00000, 0.00000, 0.21102, -0.03007
46.99681, 0.00314, 0.00314, 0.04366, 0.00000, 0.00000, 0.21102, -3.00056
47.00348, 0.00314, 0.00314, 0.04498, 0.00000, 0.00000, 0.19783, -8.12135
47.01015, 0.00314, 0.00314, 0.04630, 0.00000, 0.00000, 0.19783, -2.18929
47.01682, 0.00314, 0.00000, 0.04745, 0.00000, -0.47101, 0.17145, -11.01233
47.02349, 0.00314, 0.00000, 0.04894, 0.00000, 0.00000, 0.22421, 8.81483
47.03017, 0.00314, 0.00000, 0.05017, 0.00000, 0.00000, 0.18464, 11.13444
47.03684, 0.00314, 0.00000, 0.05158, 0.00000, 0.00000, 0.21102, 12.53296
47.04351, 0.00314, 0.00000, 0.05308, 0.00000, 0.00000, 0.22421, 13.30100
47.05018, 0.00314, 0.00000, 0.05448, 0.00000, 0.00000, 0.21102, 9.78526
47.05685, 0.00628, 0.00000, 0.05598, 0.47101, 0.00000, 0.22421, 8.10209
47.06353, 0.00628, 0.00000, 0.05783, 0.00000, 0.00000, 0.27696, 26.68571
47.07020, 0.00628, 0.00314, 0.05959, 0.00000, 0.47101, 0.26378, 26.68571
47.07687, 0.00942, 0.00628, 0.06143, 0.47094, 0.47101, 0.27696, 19.72327
47.08355, 0.01257, 0.00942, 0.06346, 0.47101, 0.47094, 0.30334, 21.53176
47.09022, 0.01257, 0.01257, 0.06557, 0.00000, 0.47101, 0.31653, 18.20799
47.09689, 0.01571, 0.01571, 0.06741, 0.47101, 0.47101, 0.27697, -0.18586
47.10356, 0.01885, 0.01885, 0.06944, 0.47101, 0.47101, 0.30334, -0.91845
47.11023, 0.02199, 0.02513, 0.07155, 0.47101, 0.94202, 0.31653, 2.74380
47.11691, 0.02513, 0.02827, 0.07340, 0.47101, 0.47101, 0.27697, -7.08480
47.12358, 0.02827, 0.03142, 0.07542, 0.47101, 0.47097, 0.30334, -4.06030
47.13025, 0.02827, 0.03456, 0.07727, 0.00000, 0.47101, 0.27696, -10.38206
47.13692, 0.03142, 0.03770, 0.07876, 0.47097, 0.47101, 0.22421, -26.68571
47.14359, 0.03142, 0.03770, 0.08043, 0.00000, 0.00000, 0.25059, -22.55997
47.15026, 0.03456, 0.04084, 0.08193, 0.47101, 0.47101, 0.22421, -23.26773
47.15694, 0.03456, 0.04084, 0.08325, 0.00000, 0.00000, 0.19783, -22.08065
47.16361, 0.03456, 0.04084, 0.08457, 0.00000, 0.00000, 0.19783, -13.57027
47.17028, 0.03456, 0.03770, 0.08571, 0.00000, -0.47101, 0.17146, -12.84453
47.17695, 0.03142, 0.03770, 0.08703, -0.47101, 0.00000, 0.19783, -0.10677
47.18362, 0.03142, 0.03770, 0.08782, 0.00000, 0.00000, 0.13189, -13.56403
47.19030, 0.03142, 0.03456, 0.08870, 0.00000, -0.47101, 0.11870, -19.06415
47.19697, 0.03142, 0.03456, 0.08967, 0.00000, 0.00000, 0.14508, -9.28371
47.20364, 0.02827, 0.03142, 0.09055, -0.47097, -0.47101, 0.13189, 0.41455
47.21031, 0.02827, 0.02827, 0.09125, 0.00000, -0.47097, 0.10551, -3.27112
47.21698, 0.02513, 0.02827, 0.09213, -0.47101, 0.00000, 0.13189, 11.76333
47.22366, 0.02513, 0.02513, 0.09257, 0.00000, -0.47101, 0.06594, -8.74305
47.23033, 0.02513, 0.02513, 0.09345, 0.00000, 0.00000, 0.13189, 1.63473
47.23700, 0.02199, 0.02199, 0.09425, -0.47101, -0.47101, 0.11870, 3.26205
47.24367, 0.02199, 0.02199, 0.09477, 0.00000, 0.00000, 0.07913, -8.90683
47.25034, 0.02199, 0.01885, 0.09548, 0.00000, -0.47101, 0.10551, -1.98316
47.25702, 0.01885, 0.01571, 0.09644, -0.47101, -0.47101, 0.14508, 17.19940
47.26369, 0.01885, 0.01571, 0.09715, 0.00000, 0.00000, 0.10551, 9.74366
47.27036, 0.01885, 0.01571, 0.09794, 0.00000, 0.00000, 0.11870, 6.79178
47.27703, 0.01885, 0.01257, 0.09891, 0.00000, -0.47101, 0.15827, 9.15976
47.28370, 0.01885, 0.01257, 0.10005, 0.00000, 0.00000, 0.15827, 17.74756
47.29037, 0.01885, 0.01257, 0.10119, 0.00000, 0.00000, 0.17145, 26.68571
47.29705, 0.01885, 0.01571, 0.10260, 0.00000, 0.47101, 0.21102, 26.68571
47.30372, 0.01885, 0.01571, 0.10375, 0.00000, 0.00000, 0.17145, 10.29690
47.31039, 0.02199, 0.01885, 0.10507, 0.47101, 0.47101, 0.19783, 9.04749
47.31706, 0.02199, 0.02199, 0.10656, 0.00000, 0.47101, 0.22421, 12.99254
47.32373, 0.02513, 0.02513, 0.10744, 0.47101, 0.47101, 0.13189, -9.96211
47.33041, 0.02513, 0.02827, 0.10885, 0.00000, 0.47101, 0.21102, -8.71680
47.33708, 0.02827, 0.02827, 0.10964, 0.47101, 0.00000, 0.11870, -24.87170
47.34375, 0.02827, 0.03142, 0.11096, 0.00000, 0.47097, 0.19783, -8.40068
47.35043, 0.02827, 0.03142, 0.11149, 0.00000, 0.00000, 0.07913, -26.68571
47.35710, 0.02827, 0.03142, 0.11237, 0.00000, 0.00000, 0.13189, -26.68571
47.36377, 0.02827, 0.02827, 0.11298, 0.00000, -0.47097, 0.09232, -26.68571
47.37044, 0.02513, 0.02827, 0.11360, -0.47101, 0.00000, 0.09232, -14.59687
47.37711, 0.02513, 0.02513, 0.11386, 0.00000, -0.47101, 0.03957, -26.68571
47.38379, 0.02199, 0.02199, 0.11430, -0.47101, -0.47101, 0.06594, -16.93148
47.39046, 0.01885, 0.01885, 0.11457, -0.47101, -0.47101, 0.03957, -11.82871
47.39713, 0.01571, 0.01571, 0.11457, -0.47101, -0.47101, 0.00000, -17.16929
47.40380, 0.01257, 0.00942, 0.11457, -0.47101, -0.94202, 0.00000, -15.33932
47.41047, 0.00942, 0.00628, 0.11439, -0.47101, -0.47094, -0.02638, -14.62535
47.41714, 0.00628, 0.00000, 0.11421, -0.47094, -0.94202, -0.02638, -13.50949
47.42382, 0.00314, -0.00628, 0.11413, -0.47101, -0.94202, -0.01319, -1.28119
47.43049, 0.00000, -0.00942, 0.11413, -0.47101, -0.47101, 0.00000, 12.85880
47.43716, -0.00314, -0.01571, 0.11386, -0.47101, -0.94199, -0.03957, 3.95400
47.44383, -0.00628, -0.01885, 0.11413, -0.47101, -0.47101, 0.03957, 23.19489
47.45050, -0.00628, -0.02199, 0.11421, 0.00000, -0.47101, 0.01319, 16.46005
47.45718, -0.00942, -0.02513, 0.11457, -0.47101, -0.47101, 0.05276, 26.68571
47.46385, -0.00942, -0.02827, 0.11501, 0.00000, -0.47101, 0.06594, 26.68571
47.47052, -0.01257, -0.02827, 0.11562, -0.47101, 0.00000, 0.09232, 26.68571
47.47719, -0.01257, -0.02827, 0.11633, 0.00000, 0.00000, 0.10551, 26.68571
47.48386, -0.01257, -0.02827, 0.11721, 0.00000, 0.00000, 0.13189, 26.68571
47.49054, -0.01257, -0.02827, 0.11826, 0.00000, 0.00000, 0.15827, 26.68571
47.49721, -0.00942, -0.02513, 0.11949, 0.47101, 0.47101, 0.18464, 24.80708
47.50388, -0.00942, -0.02199, 0.12090, 0.00000, 0.47101, 0.21102, 26.68571
47.51055, -0.00628, -0.01885, 0.12213, 0.47101, 0.47101, 0.18465, 9.47378
47.51722, -0.00628, -0.01571, 0.12363, 0.00000, 0.47101, 0.22421, 11.78755
47.52390, -0.00314, -0.01257, 0.12451, 0.47101, 0.47097, 0.13189, -12.34912
47.53057, 0.00000, -0.01257, 0.12591, 0.47101, 0.00000, 0.21102, -12.05804
47.53724, 0.00000, -0.00942, 0.12723, 0.00000, 0.47101, 0.19783, -0.50172
47.54391, 0.00000, -0.00628, 0.12838, 0.00000, 0.47101, 0.17146, -3.36204
47.55058, 0.00314, -0.00628, 0.12943, 0.47101, 0.00000, 0.15827, -16.96997
47.55725, 0.00314, -0.00314, 0.13093, 0.00000, 0.47101, 0.22421, 0.65272
47.56393, 0.00314, -0.00314, 0.13181, 0.00000, 0.00000, 0.13189, -10.94975
47.57060, 0.00314, -0.00314, 0.13286, 0.00000, 0.00000, 0.15826, -16.56861
47.57727, 0.00314, -0.00314, 0.13392, 0.00000, 0.00000, 0.15827, -11.09381
47.58394, 0.00314, -0.00314, 0.13480, 0.00000, 0.00000, 0.13189, -12.08821
47.59061, 0.00314, -0.00314, 0.13559, 0.00000, 0.00000, 0.11870, -4.13328
47.59729, 0.00314, -0.00314, 0.13638, 0.00000, 0.00000, 0.11870, -3.93244
47.60396, 0.00314, -0.00628, 0.13691, 0.00000, -0.47101, 0.07913, -15.40110
47.61063, 0.00314, -0.00628, 0.13788, 0.00000, 0.00000, 0.14508, 3.11896
47.61731, 0.00000, -0.00942, 0.13885, -0.47101, -0.47101, 0.14508, 16.76272
47.62398, 0.00000, -0.00942, 0.13946, 0.00000, 0.00000, 0.09232, 6.62760
47.63065, 0.00000, -0.00942, 0.14034, 0.00000, 0.00000, 0.13189, 10.80782
47.63732, 0.00000, -0.00942, 0.14122, 0.00000, 0.00000, 0.13189, 12.87242
47.64399, 0.00000, -0.00942, 0.14219, 0.00000, 0.00000, 0.14507, 13.98920
47.65067, 0.00000, -0.00942, 0.14316, 0.00000, 0.00000, 0.14508, 14.57614
47.65734, 0.00000, -0.00942, 0.14421, 0.00000, 0.00000, 0.17146, 14.79596
47.66401, 0.00000, -0.00942, 0.14544, 0.00000, 0.00000, 0.17145, 14.72417
47.67068, 0.00314, -0.00628, 0.14668, 0.47101, 0.47101, 0.19784, 14.39659
47.67735, 0.00314, -0.00628, 0.14808, 0.00000, 0.00000, 0.19783, 10.75705
47.68402, 0.00628, -0.00314, 0.14949, 0.47101, 0.47101, 0.21102, 8.01203
47.69070, 0.00628, 0.00000, 0.15099, 0.00000, 0.47101, 0.22421, 15.23190
47.69737, 0.00942, 0.00000, 0.15231, 0.47094, 0.00000, 0.19784, 1.96798
47.70404, 0.00942, 0.00314, 0.15406, 0.00000, 0.47101, 0.26377, 19.59942
47.71071, 0.01257, 0.00628, 0.15547, 0.47101, 0.47101, 0.22422, 7.73582
47.71738, 0.01571, 0.01257, 0.15714, 0.47101, 0.94195, 0.23740, 10.38421
47.72406, 0.01571, 0.01571, 0.15864, 0.00000, 0.47101, 0.22421, 0.00486
47.73073, 0.01885, 0.01885, 0.15978, 0.47101, 0.47101, 0.17145, -18.00059
47.73740, 0.02199, 0.02199, 0.16119, 0.47101, 0.47101, 0.21102, -18.10483
47.74407, 0.02199, 0.02199, 0.16242, 0.00000, 0.00000, 0.18465, -17.66868
47.75074, 0.02513, 0.02513, 0.16357, 0.47101, 0.47101, 0.17145, -17.99970
47.75742, 0.02513, 0.02513, 0.16462, 0.00000, 0.00000, 0.15827, -16.77328
47.76409, 0.02513, 0.02513, 0.16585, 0.00000, 0.00000, 0.18465, -8.44758
47.77076, 0.02513, 0.02513, 0.16656, 0.00000, 0.00000, 0.10551, -16.17808
47.77743, 0.02513, 0.02513, 0.16744, 0.00000, 0.00000, 0.13189, -11.31912
47.78410, 0.02513, 0.02513, 0.16823, 0.00000, 0.00000, 0.11870, -12.41320
47.79078, 0.02513, 0.02199, 0.16893, 0.00000, -0.47101, 0.10551, -8.16552
47.79745, 0.02199, 0.02199, 0.17016, -0.47101, 0.00000, 0.18464, 18.20486
47.80412, 0.02199, 0.01885, 0.17069, 0.00000, -0.47101, 0.07913, 2.93396
47.81079, 0.02199, 0.01885, 0.17166, 0.00000, 0.00000, 0.14508, 12.12101
47.81746, 0.02199, 0.01885, 0.17254, 0.00000, 0.00000, 0.13189, 13.04690
47.82413, 0.02199, 0.01885, 0.17333, 0.00000, 0.00000, 0.11870, 9.83595
47.83081, 0.02199, 0.01885, 0.17430, 0.00000, 0.00000, 0.14508, 8.37097
47.83748, 0.02199, 0.02199, 0.17518, 0.00000, 0.47101, 0.13189, 7.76916
47.84415, 0.02199, 0.02199, 0.17588, 0.00000, 0.00000, 0.10551, -8.34182
47.85082, 0.02513, 0.02199, 0.17659, 0.47101, 0.00000, 0.10551, -12.51252
47.85749, 0.02513, 0.02199, 0.17764, 0.00000, 0.00000, 0.15827, 6.19845
47.86417, 0.02513, 0.02199, 0.17843, 0.00000, 0.00000, 0.11870, 2.78878
47.87084, 0.02513, 0.02199, 0.17949, 0.00000, 0.00000, 0.15826, 13.24829
47.87751, 0.02513, 0.02513, 0.18054, 0.00000, 0.47101, 0.15827, 10.03284
47.88419, 0.02513, 0.02513, 0.18125, 0.00000, 0.00000, 0.10551, -7.33880
47.89086, 0.02513, 0.02513, 0.18222, 0.00000, 0.00000, 0.14508, -12.13591
47.89753, 0.02827, 0.02513, 0.18292, 0.47101, 0.00000, 0.10551, -14.66606
47.90420, 0.02827, 0.02513, 0.18380, 0.00000, 0.00000, 0.13189, 4.97520
47.91087, 0.02827, 0.02513, 0.18477, 0.00000, 0.00000, 0.14508, 18.45365
47.91755, 0.02827, 0.02827, 0.18582, 0.00000, 0.47101, 0.15826, 25.01313
47.92422, 0.02827, 0.02827, 0.18653, 0.00000, 0.00000, 0.10551, 0.45502
47.93089, 0.02827, 0.03142, 0.18741, 0.00000, 0.47097, 0.13189, -7.83119
47.93756, 0.03142, 0.03142, 0.18793, 0.47097, 0.00000, 0.07914, -26.68571
47.94423, 0.03142, 0.03142, 0.18872, 0.00000, 0.00000, 0.11870, -12.83101
47.95090, 0.03142, 0.03142, 0.18943, 0.00000, 0.00000, 0.10551, -1.56366
47.95758, 0.03142, 0.03142, 0.19004, 0.00000, 0.00000, 0.09232, 4.05629
47.96425, 0.03142, 0.03142, 0.19075, 0.00000, 0.00000, 0.10551, 7.06275
47.97092, 0.03142, 0.03142, 0.19128, 0.00000, 0.00000, 0.07913, -3.36751
47.97759, 0.03142, 0.03142, 0.19189, 0.00000, 0.00000, 0.09233, -8.38223
47.98426, 0.03142, 0.03142, 0.19251, 0.00000, 0.00000, 0.09232, -10.69707
47.99094, 0.03142, 0.03142, 0.19321, 0.00000, 0.00000, 0.10551, -3.50450
47.99761, 0.03142, 0.03142, 0.19383, 0.00000, 0.00000, 0.09232, 0.07412
48.00428, 0.03142, 0.03142, 0.19453, 0.00000, 0.00000, 0.10551, 10.11067
48.01095, 0.03142, 0.03142, 0.19506, 0.00000, 0.00000, 0.07914, 3.09227
48.01762, 0.03142, 0.03142, 0.19567, 0.00000, 0.00000, 0.09232, -0.26862
48.02430, 0.03142, 0.03142, 0.19620, 0.00000, 0.00000, 0.07913, -1.91270
48.03097, 0.03142, 0.03142, 0.19673, 0.00000, 0.00000, 0.07914, -2.69248
48.03764, 0.03142, 0.03142, 0.19726, 0.00000, 0.00000, 0.07913, -2.99006
48.04431, 0.03142, 0.03142, 0.19770, 0.00000, 0.00000, 0.06594, -3.15061
48.05098, 0.03142, 0.03142, 0.19805, 0.00000, 0.00000, 0.05276, -3.13458
48.05766, 0.03142, 0.03142, 0.19840, 0.00000, 0.00000, 0.05275, -2.97629
48.06433, 0.03142, 0.03142, 0.19875, 0.00000, 0.00000, 0.05276, -2.69673
48.07100, 0.03142, 0.03142, 0.19911, 0.00000, 0.00000, 0.05276, -2.40865
48.07767, 0.02827, 0.03142, 0.19937, -0.47097, 0.00000, 0.03956, -2.06423
48.08434, 0.02827, 0.03142, 0.19928, 0.00000, 0.00000, -0.01319, -22.49809
48.09101, 0.02827, 0.02827, 0.19937, 0.00000, -0.47097, 0.01319, -26.68571
48.09769, 0.02827, 0.02827, 0.19946, 0.00000, 0.00000, 0.01319, -14.60995
48.10436, 0.02513, 0.02513, 0.19937, -0.47101, -0.47101, -0.01319, -11.51521
48.11103, 0.02513, 0.02199, 0.19919, 0.00000, -0.47101, -0.02638, -14.66919
48.11770, 0.02199, 0.02199, 0.19928, -0.47101, 0.00000, 0.01319, 0.44205
48.12437, 0.01885, 0.01885, 0.19884, -0.47101, -0.47101, -0.06594, -16.40637
48.13105, 0.01885, 0.01571, 0.19831, 0.00000, -0.47101, -0.07913, -24.99008
48.13772, 0.01571, 0.01257, 0.19796, -0.47101, -0.47101, -0.05276, -12.42968
48.14439, 0.01257, 0.00628, 0.19735, -0.47101, -0.94195, -0.09232, -14.59311
48.15107, 0.00942, 0.00314, 0.19699, -0.47101, -0.47101, -0.05276, 8.02417
48.15774, 0.00628, 0.00000, 0.19647, -0.47094, -0.47101, -0.07913, 11.25708
48.16441, 0.00628, -0.00314, 0.19594, 0.00000, -0.47101, -0.07913, 0.71194
48.17108, 0.00314, -0.00628, 0.19559, -0.47101, -0.47101, -0.05276, 12.13285
48.17775, 0.00000, -0.00942, 0.19532, -0.47101, -0.47101, -0.03957, 12.95172
48.18443, 0.00000, -0.01257, 0.19497, 0.00000, -0.47101, -0.05275, 0.87169
48.19110, -0.00314, -0.01571, 0.19497, -0.47101, -0.47097, 0.00000, 23.33551
48.19777, -0.00314, -0.01885, 0.19497, 0.00000, -0.47101, 0.00000, 26.68571
48.20444, -0.00628, -0.01885, 0.19506, -0.47101, 0.00000, 0.01319, 26.68571
48.21111, -0.00628, -0.01885, 0.19532, 0.00000, 0.00000, 0.03956, 24.52899
48.21778, -0.00628, -0.01885, 0.19559, 0.00000, 0.00000, 0.03957, 16.34321
48.22446, -0.00628, -0.01885, 0.19594, 0.00000, 0.00000, 0.05276, 15.69238
48.23113, -0.00628, -0.01885, 0.19638, 0.00000, 0.00000, 0.06594, 18.64713
48.23780, -0.00314, -0.01571, 0.19682, 0.47101, 0.47101, 0.06594, 11.43666
48.24447, -0.00314, -0.01571, 0.19743, 0.00000, 0.00000, 0.09233, 16.23712
48.25114, -0.00314, -0.01257, 0.19814, 0.00000, 0.47097, 0.10551, 21.28181
48.25782, 0.00000, -0.00942, 0.19867, 0.47101, 0.47101, 0.07913, -0.62874
48.26449, 0.00000, -0.00942, 0.19937, 0.00000, 0.00000, 0.10551, 0.77259
48.27116, 0.00314, -0.00628, 0.19999, 0.47101, 0.47101, 0.09232, -7.69590
48.27783, 0.00314, -0.00314, 0.20078, 0.00000, 0.47101, 0.11870, 4.73321
48.28450, 0.00314, -0.00314, 0.20130, 0.00000, 0.00000, 0.07914, -5.70413
48.29118, 0.00628, 0.00000, 0.20201, 0.47101, 0.47101, 0.10551, -7.29245
48.29785, 0.00628, 0.00000, 0.20262, 0.00000, 0.00000, 0.09232, -3.24280
48.30452, 0.00628, 0.00314, 0.20324, 0.00000, 0.47101, 0.09232, -1.96351
48.31119, 0.00628, 0.00314, 0.20350, 0.00000, 0.00000, 0.03957, -20.94242
48.31786, 0.00628, 0.00314, 0.20377, 0.00000, 0.00000, 0.03957, -26.42923
48.32454, 0.00628, 0.00314, 0.20394, 0.00000, 0.00000, 0.02637, -20.81541
48.33121, 0.00628, 0.00000, 0.20394, 0.00000, -0.47101, 0.00000, -21.61460
48.33788, 0.00628, 0.00000, 0.20403, 0.00000, 0.00000, 0.02637, -5.90549
48.34455, 0.00314, -0.00314, 0.20403, -0.47101, -0.47101, 0.00000, -5.34733
48.35122, 0.00314, -0.00314, 0.20403, 0.00000, -0.47101, 0.00000, -1.56598
48.35789, 0.00000, -0.00628, 0.20403, -0.47101, 0.00000, 0.00000, 1.26672
48.36457, 0.00000, -0.00942, 0.20394, 0.00000, -0.47101, -0.01319, -5.78451
48.37124, 0.00000, -0.00942, 0.20412, 0.00000, 0.00000, 0.02638, 7.42822
48.37791, -0.00314, -0.01257, 0.20430, -0.47101, -0.47101, 0.02638, 18.59605
48.38458, -0.00314, -0.01257, 0.20456, 0.00000, 0.00000, 0.03957, 19.15644
48.39125, -0.00314, -0.01257, 0.20491, 0.00000, 0.00000, 0.05275, 20.05843
48.39793, -0.00314, -0.01257, 0.20544, 0.00000, 0.00000, 0.07914, 20.39549
48.40460, -0.00314, -0.01257, 0.20588, 0.00000, 0.00000, 0.06594, 12.13249
48.41127, -0.00314, -0.01257, 0.20641, 0.00000, 0.00000, 0.07913, 7.78493
48.41795, 0.00000, -0.00942, 0.20702, 0.47101, 0.47101, 0.09233, 9.09745
48.42462, 0.00000, -0.00942, 0.20773, 0.00000, 0.00000, 0.10551, 14.44522
48.43129, 0.00000, -0.00628, 0.20852, 0.00000, 0.47101, 0.11870, 19.86773
48.43796, 0.00314, -0.00314, 0.20905, 0.47101, 0.47101, 0.07913, -1.75297
48.44463, 0.00314, -0.00314, 0.20975, 0.00000, 0.00000, 0.10551, -3.91334
48.45131, 0.00628, 0.00000, 0.21045, 0.47101, 0.47101, 0.10551, -2.14274
48.45798, 0.00628, 0.00314, 0.21133, 0.00000, 0.47101, 0.13189, 3.53824
48.46465, 0.00942, 0.00314, 0.21186, 0.47094, 0.00000, 0.07913, -10.27513
48.47132, 0.00942, 0.00628, 0.21274, 0.00000, 0.47101, 0.13189, 7.36354
48.47799, 0.00942, 0.00628, 0.21336, 0.00000, 0.00000, 0.09233, -4.21463
48.48466, 0.00942, 0.00942, 0.21406, 0.00000, 0.47094, 0.10551, -6.27122
48.49134, 0.01257, 0.00942, 0.21432, 0.47101, 0.00000, 0.03956, -26.68571
48.49801, 0.01257, 0.00942, 0.21494, 0.00000, 0.00000, 0.09233, -12.34960
48.50468, 0.01257, 0.00942, 0.21538, 0.00000, 0.00000, 0.06594, -1.32677
48.51135, 0.01257, 0.00942, 0.21582, 0.00000, 0.00000, 0.06594, 0.41843
48.51802, 0.01257, 0.00942, 0.21617, 0.00000, 0.00000, 0.05276, 1.43741
48.52470, 0.01257, 0.00942, 0.21652, 0.00000, 0.00000, 0.05276, -1.66315
48.53137, 0.01257, 0.00942, 0.21705, 0.00000, 0.00000, 0.07913, 5.19450
48.53804, 0.01257, 0.00942, 0.21732, 0.00000, 0.00000, 0.03957, -3.30639
48.54471, 0.01257, 0.00942, 0.21776, 0.00000, 0.00000, 0.06594, 0.91101
48.55138, 0.01257, 0.00942, 0.21811, 0.00000, 0.00000, 0.05276, 3.11014
48.55806, 0.01257, 0.00942, 0.21863, 0.00000, 0.00000, 0.07913, 12.51424
48.56473, 0.01257, 0.00942, 0.21907, 0.00000, 0.00000, 0.06594, 5.12858
48.57140, 0.01257, 0.01257, 0.21960, 0.00000, 0.47101, 0.07914, 1.53206
48.57807, 0.01257, 0.01257, 0.21978, 0.00000, 0.00000, 0.02637, -16.02033
48.58474, 0.01257, 0.01257, 0.22004, 0.00000, 0.00000, 0.03957, -20.84397
48.59142, 0.01257, 0.01257, 0.22013, 0.00000, 0.00000, 0.01319, -23.21158
48.59809, 0.01257, 0.00942, 0.22013, 0.00000, -0.47101, 0.00000, -24.23722
48.60476, 0.01257, 0.00628, 0.22022, 0.00000, -0.47094, 0.01319, -8.74744
48.61143, 0.00942, 0.00628, 0.22039, -0.47101, 0.00000, 0.02638, 10.99114
48.61810, 0.00942, 0.00314, 0.22031, 0.00000, -0.47101, -0.01319, -3.54111
48.62477, 0.00628, 0.00314, 0.22048, -0.47094, 0.00000, 0.02638, 9.57130
48.63145, 0.00628, 0.00000, 0.22031, 0.00000, -0.47101, -0.02638, -8.22332
48.63812, 0.00628, 0.00000, 0.22039, 0.00000, 0.00000, 0.01319, 3.36525
48.64479, 0.00314, -0.00314, 0.22057, -0.47101, -0.47101, 0.02637, 13.72300
48.65146, 0.00314, -0.00314, 0.22066, 0.00000, 0.00000, 0.01319, 13.82434
48.65813, 0.00314, -0.00314, 0.22083, 0.00000, 0.00000, 0.02638, 14.60876
48.66481, 0.00314, -0.00314, 0.22119, 0.00000, 0.00000, 0.05276, 14.94303
48.67148, 0.00314, -0.00314, 0.22145, 0.00000, 0.00000, 0.03956, 6.78670
48.67815, 0.00314, -0.00314, 0.22163, 0.00000, 0.00000, 0.02638, -5.50169
48.68483, 0.00314, -0.00314, 0.22198, 0.00000, 0.00000, 0.05276, 0.26798
48.69150, 0.00314, -0.00314, 0.22215, 0.00000, 0.00000, 0.02637, -5.22271
48.69817, 0.00314, -0.00314, 0.22251, 0.00000, 0.00000, 0.05276, 3.94600
48.70484, 0.00314, -0.00314, 0.22268, 0.00000, 0.00000, 0.03957, 0.10276
48.71151, 0.00314, -0.00314, 0.22295, 0.00000, 0.00000, 0.02637, -1.87092
48.71819, 0.00314, -0.00314, 0.22330, 0.00000, 0.00000, 0.05276, 0.89472
48.72486, 0.00314, -0.00314, 0.22365, 0.00000, 0.00000, 0.05276, 2.11153
48.73153, 0.00314, -0.00314, 0.22409, 0.00000, 0.00000, 0.06594, 2.60796
48.73820, 0.00314, -0.00314, 0.22444, 0.00000, 0.00000, 0.05276, 2.79238
48.74487, 0.00314, -0.00314, 0.22488, 0.00000, 0.00000, 0.06594, 2.82659
48.75154, 0.00314, -0.00314, 0.22523, 0.00000, 0.00000, 0.05276, 2.67577
48.75822, 0.00314, -0.00314, 0.22567, 0.00000, 0.00000, 0.06594, 2.59448
48.76489, 0.00628, -0.00314, 0.22602, 0.47101, 0.00000, 0.05276, 2.38586
48.77156, 0.00628, 0.00000, 0.22682, 0.00000, 0.47101, 0.11870, 23.03562
48.77823, 0.00628, 0.00000, 0.22726, 0.00000, 0.00000, 0.06594, 12.85825
48.78490, 0.00628, 0.00000, 0.22787, 0.00000, 0.00000, 0.09232, 11.45591
48.79158, 0.00942, 0.00314, 0.22858, 0.47094, 0.47101, 0.10551, 10.58092
48.79825, 0.00942, 0.00628, 0.22937, 0.00000, 0.47101, 0.11870, 14.98605
48.80492, 0.01257, 0.00628, 0.22998, 0.47101, 0.00000, 0.09233, 0.64348
48.81159, 0.01257, 0.00942, 0.23095, 0.00000, 0.47094, 0.14507, 17.85857
48.81826, 0.01571, 0.01257, 0.23165, 0.47101, 0.47101, 0.10551, 6.01637
48.82494, 0.01571, 0.01571, 0.23262, 0.00000, 0.47101, 0.14508, 8.74074
48.83161, 0.01885, 0.01885, 0.23333, 0.47101, 0.47101, 0.10551, -6.55486
48.83828, 0.02199, 0.02199, 0.23403, 0.47101, 0.47101, 0.10551, -17.47242
48.84495, 0.02199, 0.02513, 0.23491, 0.00000, 0.47101, 0.13189, -10.34938
48.85162, 0.02199, 0.02513, 0.23535, 0.00000, 0.00000, 0.06595, -23.38965
48.85830, 0.02513, 0.02827, 0.23570, 0.47101, 0.47101, 0.05275, -26.01327
48.86497, 0.02513, 0.02827, 0.23588, 0.00000, 0.00000, 0.02638, -25.86163
48.87164, 0.02199, 0.02513, 0.23614, -0.47101, -0.47101, 0.03957, -17.94760
48.87831, 0.02199, 0.02513, 0.23596, 0.00000, 0.00000, -0.02638, -26.68571
48.88498, 0.02199, 0.02199, 0.23579, 0.00000, -0.47101, -0.02638, -26.68571
48.89165, 0.01885, 0.02199, 0.23570, -0.47101, 0.00000, -0.01319, -13.86626
48.89833, 0.01885, 0.01885, 0.23517, 0.00000, -0.47101, -0.07913, -22.73843
48.90500, 0.01571, 0.01257, 0.23491, -0.47101, -0.94202, -0.03957, -10.12614
48.91167, 0.01257, 0.00942, 0.23465, -0.47101, -0.47101, -0.03956, -0.23550
48.91834, 0.00942, 0.00628, 0.23429, -0.47101, -0.47094, -0.05276, 5.26144
48.92501, 0.00942, 0.00314, 0.23394, 0.00000, -0.47101, -0.05275, 4.04390
48.93169, 0.00628, 0.00000, 0.23377, -0.47094, -0.47101, -0.02638, 16.36552
48.93836, 0.00628, 0.00000, 0.23359, 0.00000, 0.00000, -0.02638, 13.87365
48.94503, 0.00314, -0.00314, 0.23350, -0.47101, -0.47101, -0.01319, 17.33333
48.95170, 0.00314, -0.00314, 0.23341, 0.00000, 0.00000, -0.01319, 13.93944
48.95838, 0.00314, -0.00314, 0.23333, 0.00000, 0.00000, -0.01319, 4.71860
48.96505, 0.00314, -0.00628, 0.23333, 0.00000, -0.47101, 0.00000, 12.02596
48.97172, 0.00314, -0.00628, 0.23350, 0.00000, 0.00000, 0.02638, 22.95018
48.97839, 0.00314, -0.00628, 0.23377, 0.00000, 0.00000, 0.03957, 20.06068
48.98507, 0.00314, -0.00314, 0.23412, 0.00000, 0.47101, 0.05275, 22.10810
48.99174, 0.00314, -0.00314, 0.23438, 0.00000, 0.00000, 0.03957, 10.83086
48.99841, 0.00314, 0.00000, 0.23473, 0.00000, 0.47101, 0.05276, 0.51289
49.00508, 0.00314, 0.00000, 0.23482, 0.00000, 0.00000, 0.01318, -16.84600
49.01175, 0.00314, 0.00000, 0.23500, 0.00000, 0.00000, 0.02638, -21.88524
49.01842, 0.00314, 0.00000, 0.23500, 0.00000, 0.00000, 0.00000, -20.75455
49.02510, 0.00314, 0.00000, 0.23491, 0.00000, 0.00000, -0.01319, -20.23734
49.03177, 0.00314, -0.00314, 0.23473, 0.00000, -0.47101, -0.02637, -19.97481
49.03844, 0.00000, -0.00314, 0.23465, -0.47101, 0.00000, -0.01319, -12.14871
49.04511, 0.00000, -0.00628, 0.23412, 0.00000, -0.47101, -0.07914, -26.68571
49.05178, -0.00314, -0.00942, 0.23377, -0.47101, -0.47101, -0.05275, -22.27289
49.05846, -0.00314, -0.01257, 0.23324, 0.00000, -0.47101, -0.07914, -17.43370
49.06513, -0.00628, -0.01885, 0.23280, -0.47101, -0.94199, -0.06594, 1.78810
49.07180, -0.00942, -0.02199, 0.23253, -0.47101, -0.47101, -0.03957, 26.68571
49.07847, -0.01257, -0.02513, 0.23227, -0.47101, -0.47101, -0.03956, 26.68571
49.08514, -0.01257, -0.02513, 0.23218, 0.00000, 0.00000, -0.01319, 26.68571
49.09182, -0.01257, -0.02827, 0.23227, 0.00000, -0.47101, 0.01319, 26.68571
49.09849, -0.01257, -0.02827, 0.23245, 0.00000, 0.00000, 0.02637, 26.68571
49.10516, -0.01571, -0.02827, 0.23271, -0.47097, 0.00000, 0.03957, 26.68571
49.11183, -0.01257, -0.02827, 0.23315, 0.47097, 0.00000, 0.06595, 26.68571
49.11850, -0.01257, -0.02513, 0.23368, 0.00000, 0.47101, 0.07913, 26.68571
49.12518, -0.01257, -0.02199, 0.23429, 0.00000, 0.47101, 0.09232, 26.68571
49.13185, -0.00942, -0.02199, 0.23473, 0.47101, 0.00000, 0.06595, 1.91980
49.13852, -0.00942, -0.01885, 0.23561, 0.00000, 0.47101, 0.13188, 8.45924
49.14519, -0.00628, -0.01571, 0.23614, 0.47101, 0.47101, 0.07914, -5.27522
49.15186, -0.00628, -0.01257, 0.23693, 0.00000, 0.47097, 0.11870, 0.06157
49.15854, -0.00314, -0.00942, 0.23737, 0.47101, 0.47101, 0.06594, -14.13093
49.16521, -0.00314, -0.00942, 0.23790, 0.00000, 0.00000, 0.07914, -20.67698
49.17188, -0.00314, -0.00942, 0.23816, 0.00000, 0.00000, 0.03956, -24.80168
49.17855, -0.00314, -0.00942, 0.23860, 0.00000, 0.00000, 0.06595, -14.94906
49.18522, -0.00314, -0.00942, 0.23860, 0.00000, 0.00000, 0.00000, -21.95142
49.19189, -0.00314, -0.00942, 0.23878, 0.00000, 0.00000, 0.02637, -17.02700
49.19857, -0.00314, -0.01257, 0.23887, 0.00000, -0.47101, 0.01319, -6.20889
49.20524, -0.00628, -0.01571, 0.23904, -0.47101, -0.47097, 0.02638, 3.18090
49.21191, -0.00628, -0.01571, 0.23913, 0.00000, 0.00000, 0.01319, 7.52450
49.21858, -0.00628, -0.01885, 0.23922, 0.00000, -0.47101, 0.01319, 6.77414
49.22526, -0.00942, -0.01885, 0.23966, -0.47101, 0.00000, 0.06594, 26.68571
49.23193, -0.00942, -0.01885, 0.23984, 0.00000, 0.00000, 0.02638, 14.13738
49.23860, -0.00942, -0.01885, 0.24010, 0.00000, 0.00000, 0.03957, 10.53606
49.24527, -0.00942, -0.01885, 0.24045, 0.00000, 0.00000, 0.05275, 8.72752
49.25195, -0.00942, -0.01885, 0.24072, 0.00000, 0.00000, 0.03957, 7.86553
49.25862, -0.00628, -0.01885, 0.24115, 0.47101, 0.00000, 0.06594, 7.27442
49.26529, -0.00628, -0.01885, 0.24186, 0.00000, 0.00000, 0.10552, 26.68571
49.27196, -0.00628, -0.01571, 0.24265, 0.00000, 0.47101, 0.11870, 24.80459
49.27863, -0.00314, -0.01257, 0.24344, 0.47101, 0.47097, 0.11870, 11.16312
49.28531, -0.00314, -0.01257, 0.24441, 0.00000, 0.00000, 0.14507, 12.77353
49.29198, 0.00000, -0.00942, 0.24538, 0.47101, 0.47101, 0.14508, 4.29930
49.29865, 0.00314, -0.00628, 0.24652, 0.47101, 0.47101, 0.18465, 16.71570
49.30532, 0.00314, -0.00314, 0.24784, 0.00000, 0.47101, 0.18464, 26.68571
49.31199, 0.00628, 0.00314, 0.24907, 0.47101, 0.94202, 0.18464, 14.81188
49.31866, 0.00942, 0.00628, 0.25030, 0.47094, 0.47101, 0.18465, 1.46561
49.32534, 0.01257, 0.00942, 0.25162, 0.47101, 0.47094, 0.19783, 2.42363
49.33201, 0.01571, 0.01571, 0.25286, 0.47101, 0.94202, 0.18465, -5.12013
49.33868, 0.01885, 0.01885, 0.25382, 0.47101, 0.47101, 0.14507, -20.47670
49.34535, 0.02199, 0.02199, 0.25488, 0.47101, 0.47101, 0.15827, -11.93690
49.35202, 0.02199, 0.02513, 0.25576, 0.00000, 0.47101, 0.13189, -7.21967
49.35870, 0.02513, 0.02827, 0.25637, 0.47101, 0.47101, 0.10551, -21.14266
49.36537, 0.02513, 0.02827, 0.25699, 0.00000, 0.00000, 0.07913, -22.85205
49.37204, 0.02513, 0.03142, 0.25743, 0.00000, 0.47097, 0.06595, -26.68571
49.37871, 0.02513, 0.03142, 0.25778, 0.00000, 0.00000, 0.05275, -26.68571
49.38538, 0.02513, 0.02827, 0.25787, 0.00000, -0.47097, 0.01319, -26.68571
49.39206, 0.02513, 0.02827, 0.25805, 0.00000, 0.00000, 0.02638, -19.14004
49.39873, 0.02199, 0.02513, 0.25796, -0.47101, -0.47101, -0.01319, -18.84283
49.40540, 0.02199, 0.02199, 0.25778, 0.00000, -0.47101, -0.02638, -18.68606
49.41207, 0.01885, 0.01885, 0.25778, -0.47101, -0.47101, 0.00000, -5.41950
49.41874, 0.01885, 0.01571, 0.25743, 0.00000, -0.47101, -0.05275, -10.84188
49.42542, 0.01571, 0.01257, 0.25752, -0.47101, -0.47101, 0.01319, 11.61281
49.43209, 0.01571, 0.00942, 0.25734, 0.00000, -0.47101, -0.02638, 10.46425
49.43876, 0.01257, 0.00942, 0.25752, -0.47101, 0.00000, 0.02638, 26.68571
49.44543, 0.01257, 0.00628, 0.25752, 0.00000, -0.47094, 0.00000, 18.49211
49.45210, 0.01257, 0.00628, 0.25778, 0.00000, 0.00000, 0.03956, 26.68571
49.45877, 0.01257, 0.00628, 0.25813, 0.00000, 0.00000, 0.05276, 26.68571
49.46545, 0.01257, 0.00942, 0.25866, 0.00000, 0.47094, 0.07913, 26.68571
49.47212, 0.01257, 0.00942, 0.25910, 0.00000, 0.00000, 0.06595, 15.46734
49.47879, 0.01571, 0.01257, 0.25963, 0.47101, 0.47101, 0.07913, 4.14079
49.48546, 0.01571, 0.01571, 0.26033, 0.00000, 0.47101, 0.10551, 7.03549
49.49213, 0.01885, 0.01885, 0.26051, 0.47101, 0.47101, 0.02638, -16.58285
49.49881, 0.01885, 0.01885, 0.26104, 0.00000, 0.00000, 0.07913, -15.75975
49.50548, 0.01885, 0.02199, 0.26121, 0.00000, 0.47101, 0.02638, -24.51736
49.51215, 0.02199, 0.02199, 0.26139, 0.47101, 0.00000, 0.02638, -26.68571
49.51883, 0.01885, 0.01885, 0.26156, -0.47101, -0.47101, 0.02638, -20.39626
49.52550, 0.01885, 0.01885, 0.26148, 0.00000, 0.00000, -0.01319, -23.70765
49.53217, 0.01885, 0.01571, 0.26130, 0.00000, -0.47101, -0.02638, -24.46555
49.53884, 0.01571, 0.01257, 0.26148, -0.47101, -0.47101, 0.02638, -0.63163
49.54551, 0.01571, 0.01257, 0.26130, 0.00000, 0.00000, -0.02638, 2.56566
49.55219, 0.01257, 0.00942, 0.26112, -0.47101, -0.47101, -0.02638, 1.40980
49.55886, 0.01257, 0.00628, 0.26095, 0.00000, -0.47094, -0.02638, 4.38817
49.56553, 0.00942, 0.00628, 0.26095, -0.47101, 0.00000, 0.00000, 18.59269
49.57220, 0.00942, 0.00628, 0.26068, 0.00000, 0.00000, -0.03956, 1.45157
49.57887, 0.00942, 0.00314, 0.26060, 0.00000, -0.47101, -0.01319, 5.67856
49.58554, 0.00942, 0.00314, 0.26060, 0.00000, 0.00000, 0.00000, 11.71876
49.59222, 0.00942, 0.00314, 0.26060, 0.00000, 0.00000, 0.00000, 14.86098
49.59889, 0.00942, 0.00314, 0.26077, 0.00000, 0.00000, 0.02638, 16.38004
49.60556, 0.00942, 0.00314, 0.26095, 0.00000, 0.00000, 0.02637, 8.82002
49.61223, 0.00942, 0.00628, 0.26121, 0.00000, 0.47101, 0.03957, 8.84853
49.61890, 0.00942, 0.00628, 0.26130, 0.00000, 0.00000, 0.01319, -7.09369
49.62558, 0.01257, 0.00628, 0.26156, 0.47101, 0.00000, 0.03957, -7.61421
49.63225, 0.01257, 0.00942, 0.26183, 0.00000, 0.47094, 0.03956, 4.51316
49.63892, 0.01257, 0.00942, 0.26200, 0.00000, 0.00000, 0.02638, 2.22265
49.64559, 0.01257, 0.00942, 0.26236, 0.00000, 0.00000, 0.05276, 4.60699
49.65226, 0.01257, 0.00942, 0.26253, 0.00000, 0.00000, 0.02637, -2.57636
49.65894, 0.01257, 0.00942, 0.26280, 0.00000, 0.00000, 0.03957, -6.27213
49.66561, 0.01257, 0.00942, 0.26297, 0.00000, 0.00000, 0.02638, -8.28406
49.67228, 0.01257, 0.00942, 0.26306, 0.00000, 0.00000, 0.01319, -9.29198
49.67895, 0.01257, 0.00942, 0.26306, 0.00000, 0.00000, 0.00000, -9.74391
49.68562, 0.01257, 0.00942, 0.26306, 0.00000, 0.00000, 0.00000, -1.70830
49.69230, 0.01257, 0.00942, 0.26306, 0.00000, 0.00000, 0.00000, 2.36158
49.69897, 0.01257, 0.00942, 0.26297, 0.00000, 0.00000, -0.01319, -7.36312
49.70564, 0.00942, 0.00628, 0.26288, -0.47101, -0.47094, -0.01319, -3.91111
49.71231, 0.00942, 0.00628, 0.26280, 0.00000, 0.00000, -0.01319, -7.10100
49.71898, 0.00942, 0.00628, 0.26262, 0.00000, 0.00000, -0.02638, -7.80345
49.72565, 0.00942, 0.00628, 0.26244, 0.00000, 0.00000, -0.02637, -7.94056
49.73233, 0.00942, 0.00314, 0.26218, 0.00000, -0.47101, -0.03957, -7.74491
49.73900, 0.00628, 0.00314, 0.26209, -0.47094, 0.00000, -0.01319, 8.30938
49.74567, 0.00628, 0.00314, 0.26174, 0.00000, 0.00000, -0.05276, -8.11054
49.75234, 0.00628, 0.00000, 0.26139, 0.00000, -0.47101, -0.05275, -11.67711
49.75901, 0.00314, 0.00000, 0.26121, -0.47101, 0.00000, -0.02638, 2.44397
49.76569, 0.00314, -0.00314, 0.26068, 0.00000, -0.47101, -0.07913, -14.94375
49.77236, 0.00000, -0.00628, 0.26042, -0.47101, -0.47101, -0.03957, -3.24733
49.77903, 0.00000, -0.00628, 0.25989, 0.00000, 0.00000, -0.07913, -2.34546
49.78571, -0.00314, -0.00942, 0.25945, -0.47101, -0.47101, -0.06595, -0.98695
49.79238, -0.00314, -0.01257, 0.25892, 0.00000, -0.47101, -0.07913, -5.21531
49.79905, -0.00628, -0.01571, 0.25857, -0.47101, -0.47097, -0.05276, 9.21043
49.80572, -0.00628, -0.01885, 0.25796, 0.00000, -0.47101, -0.09232, -0.48943
49.81239, -0.00942, -0.01885, 0.25787, -0.47101, 0.00000, -0.01319, 23.22485
49.81907, -0.00942, -0.02199, 0.25743, 0.00000, -0.47101, -0.06594, 10.36360
49.82574, -0.00942, -0.02199, 0.25734, 0.00000, 0.00000, -0.01319, 16.00963
49.83241, -0.01257, -0.02199, 0.25734, -0.47101, 0.00000, 0.00000, 26.68571
49.83908, -0.01257, -0.02513, 0.25708, 0.00000, -0.47101, -0.03957, 3.16461
49.84575, -0.01257, -0.02513, 0.25725, 0.00000, 0.00000, 0.02638, 15.23240
49.85242, -0.01257, -0.02513, 0.25743, 0.00000, 0.00000, 0.02638, 17.04365
49.85910, -0.01257, -0.02199, 0.25769, 0.00000, 0.47101, 0.03957, 21.39328
49.86577, -0.00942, -0.02199, 0.25761, 0.47101, 0.00000, -0.01319, -0.70001
49.87244, -0.00942, -0.02199, 0.25805, 0.00000, 0.00000, 0.06594, 16.47236
49.87911, -0.00942, -0.02199, 0.25831, 0.00000, 0.00000, 0.03957, 11.88676
49.88578, -0.00942, -0.01885, 0.25892, 0.00000, 0.47101, 0.09232, 21.29956
49.89246, -0.00628, -0.01571, 0.25910, 0.47101, 0.47101, 0.02638, 1.56795
49.89913, -0.00628, -0.01571, 0.25963, 0.00000, 0.00000, 0.07913, 0.41593
49.90580, -0.00628, -0.01257, 0.26016, 0.00000, 0.47097, 0.07913, 10.79413
49.91247, -0.00314, -0.01257, 0.26042, 0.47101, 0.00000, 0.03957, -8.28761
49.91914, -0.00314, -0.00942, 0.26104, 0.00000, 0.47101, 0.09232, 6.67154
49.92582, -0.00314, -0.00942, 0.26139, 0.00000, 0.00000, 0.05276, -6.24111
49.93249, 0.00000, -0.00628, 0.26192, 0.47101, 0.47101, 0.07913, -0.85559
49.93916, 0.00000, -0.00628, 0.26227, 0.00000, 0.00000, 0.05276, -5.38712
49.94583, 0.00000, -0.00314, 0.26262, 0.00000, 0.47101, 0.05275, -8.23440
49.95250, 0.00000, -0.00314, 0.26253, 0.00000, 0.00000, -0.01319, -25.40622
49.95918, 0.00000, -0.00314, 0.26271, 0.00000, 0.00000, 0.02638, -21.66801
49.96585, 0.00000, -0.00628, 0.26253, 0.00000, -0.47101, -0.02638, -23.62112
49.97252, 0.00000, -0.00628, 0.26262, 0.00000, 0.00000, 0.01319, -8.48112
49.97919, 0.00000, -0.00942, 0.26262, 0.00000, -0.47101, 0.00000, 3.65170
49.98586, -0.00314, -0.00942, 0.26271, -0.47101, 0.00000, 0.01319, 13.64874
49.99253, -0.00314, -0.00942, 0.26271, 0.00000, 0.00000, 0.00000, 2.50672
49.99921, -0.00314, -0.01257, 0.26280, 0.00000, -0.47101, 0.01319, 1.56800
50.00588, -0.00314, -0.01257, 0.26306, 0.00000, 0.00000, 0.03957, 13.23091
50.01255, -0.00314, -0.01257, 0.26324, 0.00000, 0.00000, 0.02638, 15.31218
50.01922, -0.00314, -0.01257, 0.26368, 0.00000, 0.00000, 0.06594, 24.55838
50.02589, -0.00314, -0.01257, 0.26420, 0.00000, 0.00000, 0.07913, 26.68571
50.03257, -0.00314, -0.00942, 0.26482, 0.00000, 0.47101, 0.09233, 26.68571
50.03924, 0.00000, -0.00628, 0.26535, 0.47101, 0.47101, 0.07913, 7.46577
50.04591, 0.00314, -0.00628, 0.26605, 0.47101, 0.00000, 0.10551, 4.40315
50.05259, 0.00314, -0.00314, 0.26693, 0.00000, 0.47101, 0.13189, 14.46264
50.05926, 0.00628, 0.00000, 0.26763, 0.47101, 0.47101, 0.10551, 10.80575
50.06593, 0.00942, 0.00314, 0.26860, 0.47094, 0.47101, 0.14508, 17.41315
50.07260, 0.00942, 0.00942, 0.26957, 0.00000, 0.94195, 0.14508, 16.50420
50.07927, 0.01257, 0.01257, 0.27010, 0.47101, 0.47101, 0.07913, -16.39150
50.08595, 0.01571, 0.01571, 0.27089, 0.47101, 0.47101, 0.11870, -20.39358
50.09262, 0.01571, 0.01885, 0.27150, 0.00000, 0.47101, 0.09232, -18.18440
50.09929, 0.01885, 0.02199, 0.27186, 0.47101, 0.47101, 0.05276, -26.68571
50.10596, 0.01885, 0.02199, 0.27230, 0.00000, 0.00000, 0.06594, -23.97548
50.11263, 0.01885, 0.02199, 0.27247, 0.00000, 0.00000, 0.02638, -23.63514
50.11930, 0.01885, 0.02199, 0.27256, 0.00000, 0.00000, 0.01319, -26.68571
50.12598, 0.01885, 0.01885, 0.27247, 0.00000, -0.47101, -0.01319, -26.68571
50.13265, 0.01571, 0.01885, 0.27238, -0.47101, 0.00000, -0.01319, -18.43169
50.13932, 0.01571, 0.01571, 0.27194, 0.00000, -0.47101, -0.06594, -26.68571
50.14599, 0.01257, 0.01257, 0.27168, -0.47101, -0.47101, -0.03957, -12.53563
50.15266, 0.01257, 0.00942, 0.27115, 0.00000, -0.47101, -0.07913, -11.37005
50.15934, 0.00942, 0.00628, 0.27080, -0.47101, -0.47094, -0.05276, 2.51682
50.16601, 0.00628, 0.00000, 0.27036, -0.47094, -0.94202, -0.06594, 9.27382
50.17268, 0.00628, 0.00000, 0.27019, 0.00000, 0.00000, -0.02638, 20.57023
50.17935, 0.00314, -0.00314, 0.27001, -0.47101, -0.47101, -0.02638, 23.41742
50.18602, 0.00314, -0.00314, 0.26992, 0.00000, 0.00000, -0.01319, 19.98154
50.19270, 0.00314, -0.00628, 0.26992, 0.00000, -0.47101, 0.00000, 18.99737
50.19937, 0.00314, -0.00628, 0.27010, 0.00000, 0.00000, 0.02638, 26.03611
50.20604, 0.00314, -0.00628, 0.27027, 0.00000, 0.00000, 0.02638, 26.68571
50.21271, 0.00314, -0.00314, 0.27062, 0.00000, 0.47101, 0.05275, 26.68571
50.21938, 0.00314, -0.00314, 0.27106, 0.00000, 0.00000, 0.06595, 21.16414
50.22606, 0.00628, 0.00000, 0.27142, 0.47101, 0.47101, 0.05275, 9.45955
50.23273, 0.00628, 0.00314, 0.27212, 0.00000, 0.47101, 0.10551, 12.07017
50.23940, 0.00942, 0.00314, 0.27238, 0.47094, 0.00000, 0.03957, -7.93561
50.24607, 0.00942, 0.00628, 0.27318, 0.00000, 0.47101, 0.11870, 6.35434
50.25274, 0.01257, 0.00942, 0.27362, 0.47101, 0.47094, 0.06594, -3.40009
50.25941, 0.01257, 0.01257, 0.27423, 0.00000, 0.47101, 0.09233, 0.27485
50.26609, 0.01571, 0.01257, 0.27423, 0.47101, 0.00000, 0.00000, -22.69171
50.27276, 0.01571, 0.01571, 0.27485, 0.00000, 0.47101, 0.09232, -9.50474
50.27943, 0.01571, 0.01571, 0.27476, 0.00000, 0.00000, -0.01319, -23.30937
50.28610, 0.01571, 0.01571, 0.27502, 0.00000, 0.00000, 0.03957, -18.03789
50.29277, 0.01571, 0.01571, 0.27494, 0.00000, 0.00000, -0.01319, -15.31175
50.29945, 0.01571, 0.01257, 0.27485, 0.00000, -0.47101, -0.01319, -17.49098
50.30612, 0.01571, 0.01257, 0.27511, 0.00000, 0.00000, 0.03957, 5.68164
50.31279, 0.01257, 0.01257, 0.27502, -0.47101, 0.00000, -0.01319, 1.54776
50.31947, 0.01257, 0.01257, 0.27476, 0.00000, 0.00000, -0.03957, -12.64528
50.32614, 0.01257, 0.00942, 0.27450, 0.00000, -0.47101, -0.03957, -18.70706
50.33281, 0.01257, 0.00942, 0.27450, 0.00000, 0.00000, 0.00000, 2.58030
50.33948, 0.00942, 0.00628, 0.27414, -0.47101, -0.47094, -0.05275, -2.49016
50.34615, 0.00942, 0.00628, 0.27388, 0.00000, 0.00000, -0.03957, -1.40767
50.35283, 0.00942, 0.00314, 0.27362, 0.00000, -0.47101, -0.03957, -0.12816
50.35950, 0.00942, 0.00314, 0.27362, 0.00000, 0.00000, 0.00000, 16.51817
50.36617, 0.00942, 0.00314, 0.27370, 0.00000, 0.00000, 0.01319, 20.99095
50.37284, 0.00942, 0.00314, 0.27379, 0.00000, 0.00000, 0.01319, 15.01585
50.37951, 0.00942, 0.00314, 0.27388, 0.00000, 0.00000, 0.01319, 12.13047
50.38618, 0.00942, 0.00314, 0.27423, 0.00000, 0.00000, 0.05276, 22.49752
50.39286, 0.00942, 0.00628, 0.27458, 0.00000, 0.47101, 0.05275, 26.68571
50.39953, 0.00942, 0.00628, 0.27485, 0.00000, 0.00000, 0.03957, 5.54152
50.40620, 0.01257, 0.00942, 0.27511, 0.47101, 0.47094, 0.03957, -1.70682
50.41287, 0.01257, 0.00942, 0.27546, 0.00000, 0.00000, 0.05275, 3.18636
50.41954, 0.01257, 0.01257, 0.27582, 0.00000, 0.47101, 0.05276, 4.62852
50.42622, 0.01571, 0.01571, 0.27582, 0.47101, 0.47101, 0.00000, -18.81442
50.43289, 0.01571, 0.01571, 0.27599, 0.00000, 0.00000, 0.02637, -21.66396
50.43956, 0.01571, 0.01571, 0.27590, 0.00000, 0.00000, -0.01318, -23.77823
50.44623, 0.01571, 0.01571, 0.27573, 0.00000, 0.00000, -0.02638, -24.72343
50.45290, 0.01571, 0.01257, 0.27538, 0.00000, -0.47101, -0.05276, -25.03395
50.45958, 0.01257, 0.01257, 0.27520, -0.47101, 0.00000, -0.02638, -9.07262
50.46625, 0.01257, 0.00942, 0.27467, 0.00000, -0.47101, -0.07913, -17.22856
50.47292, 0.00942, 0.00942, 0.27450, -0.47101, 0.00000, -0.02638, -0.70801
50.47959, 0.00942, 0.00628, 0.27362, 0.00000, -0.47094, -0.13189, -20.55734
50.48626, 0.00628, 0.00314, 0.27318, -0.47094, -0.47101, -0.06594, -9.60987
50.49294, 0.00314, 0.00000, 0.27256, -0.47101, -0.47101, -0.09232, -4.42453
50.49961, 0.00314, -0.00314, 0.27177, 0.00000, -0.47101, -0.11870, -9.70488
50.50628, 0.00000, -0.00628, 0.27115, -0.47101, -0.47101, -0.09232, 4.56710
50.51295, -0.00314, -0.00942, 0.27045, -0.47101, -0.47101, -0.10552, 3.16120
50.51962, -0.00314, -0.01257, 0.26966, 0.00000, -0.47101, -0.11870, -1.65373
50.52629, -0.00628, -0.01571, 0.26895, -0.47101, -0.47097, -0.10551, 4.43320
50.53297, -0.00942, -0.01885, 0.26834, -0.47101, -0.47101, -0.09232, 10.85330
50.53964, -0.00942, -0.02199, 0.26763, 0.00000, -0.47101, -0.10551, 1.58204
50.54631, -0.01257, -0.02513, 0.26737, -0.47101, -0.47101, -0.03957, 25.51015
50.55298, -0.01257, -0.02827, 0.26693, 0.00000, -0.47101, -0.06594, 20.13959
50.55965, -0.01571, -0.02827, 0.26684, -0.47097, 0.00000, -0.01319, 26.68571
50.56633, -0.01571, -0.02827, 0.26675, 0.00000, 0.00000, -0.01319, 25.26835
50.57300, -0.01571, -0.02827, 0.26667, 0.00000, 0.00000, -0.01319, 15.00806
50.57967, -0.01571, -0.02827, 0.26675, 0.00000, 0.00000, 0.01319, 13.37991
50.58635, -0.01571, -0.02827, 0.26702, 0.00000, 0.00000, 0.03957, 15.90376
50.59302, -0.01257, -0.02513, 0.26711, 0.47097, 0.47101, 0.01319, 8.42771
50.59969, -0.01257, -0.02513, 0.26737, 0.00000, 0.00000, 0.03956, 13.10620
50.60636, -0.01257, -0.02513, 0.26781, 0.00000, 0.00000, 0.06595, 18.09815
50.61303, -0.01257, -0.02199, 0.26816, 0.00000, 0.47101, 0.05275, 11.80016
50.61971, -0.00942, -0.02199, 0.26843, 0.47101, 0.00000, 0.03957, -3.59504
50.62638, -0.00942, -0.01885, 0.26887, 0.00000, 0.47101, 0.06594, 4.73591
50.63305, -0.00942, -0.01571, 0.26922, 0.00000, 0.47101, 0.05276, 0.37986
50.63972, -0.00628, -0.01571, 0.26931, 0.47101, 0.00000, 0.01319, -13.96024
50.64639, -0.00628, -0.01571, 0.26966, 0.00000, 0.00000, 0.05275, 3.32189
50.65306, -0.00628, -0.01257, 0.27001, 0.00000, 0.47097, 0.05276, 7.37100
50.65974, -0.00628, -0.01257, 0.27019, 0.00000, 0.00000, 0.02638, -6.35146
50.66641, -0.00314, -0.01257, 0.27036, 0.47101, 0.00000, 0.02638, -13.28411
50.67308, -0.00314, -0.01257, 0.27080, 0.00000, 0.00000, 0.06594, 4.05763
50.67975, -0.00314, -0.01257, 0.27115, 0.00000, 0.00000, 0.05276, 8.29078
50.68642, -0.00314, -0.00942, 0.27168, 0.00000, 0.47101, 0.07913, 18.50485
50.69310, -0.00314, -0.00942, 0.27186, 0.00000, 0.00000, 0.02638, -4.16408
50.69977, 0.00000, -0.00942, 0.27230, 0.47101, 0.00000, 0.06594, -3.44260
50.70644, 0.00000, -0.00628, 0.27309, 0.00000, 0.47101, 0.11870, 25.71379
50.71311, 0.00000, -0.00628, 0.27344, 0.00000, 0.00000, 0.05276, 7.82382
50.71978, 0.00314, -0.00314, 0.27397, 0.47101, 0.47101, 0.07913, 2.67318
50.72646, 0.00314, 0.00000, 0.27476, 0.00000, 0.47101, 0.11870, 13.15255
50.73313, 0.00628, 0.00000, 0.27529, 0.47101, 0.00000, 0.07913, 1.68634
50.73980, 0.00628, 0.00314, 0.27608, 0.00000, 0.47101, 0.11870, 8.37569
50.74647, 0.00942, 0.00628, 0.27652, 0.47094, 0.47101, 0.06595, -8.62179
50.75314, 0.00942, 0.00942, 0.27713, 0.00000, 0.47094, 0.09232, -8.31363
50.75982, 0.01257, 0.00942, 0.27749, 0.47101, 0.00000, 0.05276, -16.44072
50.76649, 0.01257, 0.01257, 0.27819, 0.00000, 0.47101, 0.10551, 3.94146
50.77316, 0.01257, 0.01257, 0.27828, 0.00000, 0.00000, 0.01319, -18.07338
50.77983, 0.01257, 0.01257, 0.27872, 0.00000, 0.00000, 0.06594, -16.75667
50.78650, 0.01257, 0.01257, 0.27881, 0.00000, 0.00000, 0.01319, -16.16800
50.79317, 0.01257, 0.01257, 0.27889, 0.00000, 0.00000, 0.01319, -19.41990
50.79985, 0.01257, 0.01257, 0.27898, 0.00000, 0.00000, 0.01319, -12.52789
50.80652, 0.01257, 0.00942, 0.27872, 0.00000, -0.47101, -0.03957, -20.73939
50.81319, 0.00942, 0.00628, 0.27889, -0.47101, -0.47094, 0.02638, -0.41494
50.81986, 0.00942, 0.00628, 0.27863, 0.00000, 0.00000, -0.03957, -2.78732
50.82653, 0.00942, 0.00314, 0.27863, 0.00000, -0.47101, 0.00000, 5.29521
50.83321, 0.00628, 0.00314, 0.27863, -0.47094, 0.00000, 0.00000, 13.31132
50.83988, 0.00628, 0.00000, 0.27845, 0.00000, -0.47101, -0.02638, 1.29005
50.84655, 0.00628, 0.00000, 0.27863, 0.00000, 0.00000, 0.02638, 15.55314
50.85323, 0.00628, 0.00000, 0.27881, 0.00000, 0.00000, 0.02638, 19.03664
50.85990, 0.00628, 0.00000, 0.27898, 0.00000, 0.00000, 0.02638, 20.72240
50.86657, 0.00628, 0.00314, 0.27933, 0.00000, 0.47101, 0.05275, 21.50930
50.87324, 0.00942, 0.00314, 0.27960, 0.47094, 0.00000, 0.03957, 6.04652
50.87991, 0.00942, 0.00628, 0.28013, 0.00000, 0.47101, 0.07913, 14.44462
50.88659, 0.01257, 0.00942, 0.28057, 0.47101, 0.47094, 0.06595, 2.12172
50.89326, 0.01257, 0.00942, 0.28109, 0.00000, 0.00000, 0.07913, 4.40238
50.89993, 0.01257, 0.01257, 0.28145, 0.00000, 0.47101, 0.05276, -3.51701
50.90660, 0.01571, 0.01257, 0.28180, 0.47101, 0.00000, 0.05275, -11.46317
50.91327, 0.01571, 0.01571, 0.28241, 0.00000, 0.47101, 0.09232, 0.69252
50.91994, 0.01571, 0.01571, 0.28259, 0.00000, 0.00000, 0.02638, -13.61992
50.92662, 0.01885, 0.01885, 0.28285, 0.47101, 0.47101, 0.03957, -16.97781
50.93329, 0.01885, 0.01885, 0.28312, 0.00000, 0.00000, 0.03956, -13.64501
50.93996, 0.01885, 0.01885, 0.28338, 0.00000, 0.00000, 0.03957, -4.45863
50.94663, 0.01885, 0.01885, 0.28338, 0.00000, 0.00000, 0.00000, -11.78535
50.95330, 0.01885, 0.01885, 0.28347, 0.00000, 0.00000, 0.01319, -7.02704
50.95998, 0.01571, 0.01571, 0.28347, -0.47101, -0.47101, 0.00000, -8.25719
50.96665, 0.01571, 0.01571, 0.28329, 0.00000, 0.00000, -0.02638, -13.62960
50.97332, 0.01571, 0.01571, 0.28320, 0.00000, 0.00000, -0.01319, -7.26250
50.97999, 0.01571, 0.01257, 0.28285, 0.00000, -0.47101, -0.06594, -15.73450
50.98666, 0.01257, 0.01257, 0.28285, -0.47101, 0.00000, 0.01319, 4.40761
50.99334, 0.01257, 0.00942, 0.28232, 0.00000, -0.47101, -0.07914, -9.97745
51.00001, 0.01257, 0.00942, 0.28215, 0.00000, 0.00000, -0.02637, -0.37988
51.00668, 0.00942, 0.00628, 0.28189, -0.47101, -0.47094, -0.03957, 0.88280
51.01335, 0.00942, 0.00628, 0.28145, 0.00000, 0.00000, -0.06594, -3.23966
51.02002, 0.00942, 0.00314, 0.28109, 0.00000, -0.47101, -0.05276, -4.39667
51.02670, 0.00628, 0.00314, 0.28092, -0.47094, 0.00000, -0.02638, 10.97934
51.03337, 0.00628, 0.00000, 0.28039, 0.00000, -0.47101, -0.07913, -1.96538
51.04004, 0.00628, 0.00000, 0.28030, 0.00000, 0.00000, -0.01319, 11.89980
51.04671, 0.00628, 0.00000, 0.28013, 0.00000, 0.00000, -0.02638, 15.03210
51.05338, 0.00314, -0.00314, 0.27995, -0.47101, -0.47101, -0.02638, 8.39663
51.06005, 0.00314, -0.00314, 0.27995, 0.00000, 0.00000, 0.00000, 12.03110
51.06673, 0.00314, -0.00314, 0.27986, 0.00000, 0.00000, -0.01318, 6.05824
51.07340, 0.00314, -0.00314, 0.27977, 0.00000, 0.00000, -0.01319, 3.02366
51.08007, 0.00314, -0.00314, 0.27977, 0.00000, 0.00000, 0.00000, 5.21783
51.08674, 0.00314, -0.00314, 0.27977, 0.00000, 0.00000, 0.00000, 6.05266
51.09341, 0.00314, -0.00314, 0.27960, 0.00000, 0.00000, -0.02638, -1.84161
51.10009, 0.00314, -0.00314, 0.27969, 0.00000, 0.00000, 0.01319, 6.13312
51.10676, 0.00314, 0.00000, 0.27960, 0.00000, 0.47101, -0.01319, 1.64479
51.11343, 0.00314, 0.00000, 0.27925, 0.00000, 0.00000, -0.05276, -16.28178
51.12011, 0.00314, -0.00314, 0.27898, 0.00000, -0.47101, -0.03956, -21.33477
51.12678, 0.00314, -0.00314, 0.27889, 0.00000, 0.00000, -0.01319, -4.30462
51.13345, 0.00314, -0.00628, 0.27863, 0.00000, -0.47101, -0.03957, 0.46812
51.14012, 0.00000, -0.00628, 0.27872, -0.47101, 0.00000, 0.01319, 18.65676
51.14679, 0.00000, -0.00628, 0.27837, 0.00000, 0.00000, -0.05276, 3.08476
51.15347, 0.00000, -0.00628, 0.27828, 0.00000, 0.00000, -0.01318, -0.05326
51.16014, 0.00000, -0.00942, 0.27810, 0.00000, -0.47101, -0.02638, -1.57417
51.16681, 0.00000, -0.00942, 0.27801, 0.00000, 0.00000, -0.01319, 13.35956
51.17348, 0.00000, -0.00942, 0.27801, 0.00000, 0.00000, 0.00000, 17.13812
51.18015, 0.00000, -0.00942, 0.27810, 0.00000, 0.00000, 0.01319, 26.68571
51.18682, 0.00000, -0.00942, 0.27837, 0.00000, 0.00000, 0.03956, 26.68571
51.19350, 0.00000, -0.00628, 0.27863, 0.00000, 0.47101, 0.03957, 25.70889
51.20017, 0.00000, -0.00628, 0.27889, 0.00000, 0.00000, 0.03957, 6.76994
51.20684, 0.00314, -0.00314, 0.27907, 0.47101, 0.47101, 0.02638, -7.32880
51.21351, 0.00314, 0.00000, 0.27942, 0.00000, 0.47101, 0.05275, 2.55528
51.22018, 0.00628, 0.00000, 0.27951, 0.47101, 0.00000, 0.01319, -9.24885
51.22686, 0.00628, 0.00314, 0.27995, 0.00000, 0.47101, 0.06594, 9.30130
51.23353, 0.00628, 0.00314, 0.27995, 0.00000, 0.00000, 0.00000, -10.01950
51.24020, 0.00942, 0.00628, 0.28021, 0.47094, 0.47101, 0.03957, -15.92971
51.24687, 0.00942, 0.00628, 0.28039, 0.00000, 0.00000, 0.02638, -13.98428
51.25354, 0.00942, 0.00628, 0.28048, 0.00000, 0.00000, 0.01319, -13.69455
51.26022, 0.00942, 0.00628, 0.28048, 0.00000, 0.00000, 0.00000, -13.44560
51.26689, 0.00942, 0.00628, 0.28057, 0.00000, 0.00000, 0.01319, -5.05953
51.27356, 0.00942, 0.00628, 0.28057, 0.00000, 0.00000, 0.00000, -0.76629
51.28023, 0.00942, 0.00628, 0.28048, 0.00000, 0.00000, -0.01319, -2.32598
51.28690, 0.00628, 0.00628, 0.28057, -0.47094, 0.00000, 0.01319, 5.26182
51.29358, 0.00628, 0.00628, 0.28013, 0.00000, 0.00000, -0.06595, -23.62279
51.30025, 0.00628, 0.00314, 0.27986, 0.00000, -0.47101, -0.03956, -24.99808
51.30692, 0.00628, 0.00314, 0.27960, 0.00000, 0.00000, -0.03957, -9.83931
51.31359, 0.00314, 0.00000, 0.27907, -0.47101, -0.47101, -0.07913, -9.54467
51.32026, 0.00314, 0.00000, 0.27845, 0.00000, 0.00000, -0.09233, -14.03487
51.32693, 0.00000, -0.00314, 0.27775, -0.47101, -0.47101, -0.10551, -15.21812
51.33361, 0.00000, -0.00628, 0.27696, 0.00000, -0.47101, -0.11870, -20.44727
51.34028, -0.00314, -0.00942, 0.27634, -0.47101, -0.47101, -0.09232, -6.20368
51.34695, -0.00628, -0.01571, 0.27555, -0.47101, -0.94199, -0.11870, -7.57176
51.35362, -0.00942, -0.01885, 0.27485, -0.47101, -0.47101, -0.10551, 3.42735
51.36029, -0.00942, -0.02199, 0.27423, 0.00000, -0.47101, -0.09232, 13.08904
51.36697, -0.01257, -0.02513, 0.27388, -0.47101, -0.47101, -0.05276, 26.68571
51.37364, -0.01571, -0.02827, 0.27344, -0.47097, -0.47101, -0.06594, 26.68571
51.38031, -0.01571, -0.03142, 0.27318, 0.00000, -0.47094, -0.03957, 20.60737
51.38699, -0.01571, -0.03142, 0.27309, 0.00000, 0.00000, -0.01319, 26.68571
51.39366, -0.01571, -0.03142, 0.27300, 0.00000, 0.00000, -0.01319, 26.68571
51.40033, -0.01571, -0.03142, 0.27309, 0.00000, 0.00000, 0.01319, 26.68571
51.40700, -0.01571, -0.03142, 0.27335, 0.00000, 0.00000, 0.03957, 26.68571
51.41367, -0.01571, -0.02827, 0.27362, 0.00000, 0.47094, 0.03956, 26.68571
51.42035, -0.01257, -0.02513, 0.27406, 0.47097, 0.47101, 0.06595, 20.30804
51.42702, -0.00942, -0.02199, 0.27458, 0.47101, 0.47101, 0.07913, 22.07119
51.43369, -0.00942, -0.01885, 0.27529, 0.00000, 0.47101, 0.10551, 18.60119
51.44036, -0.00628, -0.01571, 0.27590, 0.47101, 0.47101, 0.09233, 3.71630
51.44703, -0.00314, -0.01257, 0.27678, 0.47101, 0.47097, 0.13188, 8.31293
51.45370, 0.00000, -0.00628, 0.27766, 0.47101, 0.94202, 0.13189, 6.24998
51.46038, 0.00314, -0.00314, 0.27837, 0.47101, 0.47101, 0.10551, -6.62035
51.46705, 0.00314, 0.00000, 0.27925, 0.00000, 0.47101, 0.13189, -5.30137
51.47372, 0.00628, 0.00314, 0.27969, 0.47101, 0.47101, 0.06595, -21.45189
51.48039, 0.00942, 0.00628, 0.28039, 0.47094, 0.47101, 0.10551, -20.76721
51.48706, 0.00942, 0.00628, 0.28101, 0.00000, 0.00000, 0.09232, -8.16569
51.49374, 0.00942, 0.00942, 0.28153, 0.00000, 0.47094, 0.07913, -6.42125
51.50041, 0.01257, 0.00942, 0.28162, 0.47101, 0.00000, 0.01319, -25.05715
51.50708, 0.01257, 0.00942, 0.28224, 0.00000, 0.00000, 0.09233, -1.34759
51.51375, 0.01257, 0.01257, 0.28250, 0.00000, 0.47101, 0.03956, 2.24722
51.52042, 0.01257, 0.01257, 0.28250, 0.00000, 0.00000, 0.00000, -15.09031
51.52710, 0.01257, 0.01257, 0.28250, 0.00000, 0.00000, 0.00000, -15.14910
51.53377, 0.01257, 0.01257, 0.28241, 0.00000, 0.00000, -0.01319, -18.57442
51.54044, 0.01257, 0.00942, 0.28232, 0.00000, -0.47101, -0.01319, -11.60703
51.54711, 0.01257, 0.00942, 0.28241, 0.00000, 0.00000, 0.01319, 4.06690
51.55378, 0.00942, 0.00942, 0.28241, -0.47101, 0.00000, 0.00000, 4.65938
51.56046, 0.00942, 0.00942, 0.28206, 0.00000, 0.00000, -0.05275, -15.43795
51.56713, 0.00942, 0.00628, 0.28206, 0.00000, -0.47094, 0.00000, -12.42609
51.57380, 0.00942, 0.00628, 0.28197, 0.00000, 0.00000, -0.01319, -7.10585
51.58047, 0.00942, 0.00314, 0.28171, 0.00000, -0.47101, -0.03957, -7.81714
51.58714, 0.00628, 0.00314, 0.28189, -0.47094, 0.00000, 0.02638, 15.94110
51.59381, 0.00628, 0.00314, 0.28153, 0.00000, 0.00000, -0.05276, 3.15312
51.60049, 0.00628, 0.00000, 0.28145, 0.00000, -0.47101, -0.01318, 1.40840
51.60716, 0.00628, 0.00000, 0.28153, 0.00000, 0.00000, 0.01318, 16.22038
51.61383, 0.00628, 0.00000, 0.28145, 0.00000, 0.00000, -0.01318, 11.62053
51.62050, 0.00628, 0.00000, 0.28153, 0.00000, 0.00000, 0.01318, 9.43058
51.62717, 0.00628, 0.00000, 0.28171, 0.00000, 0.00000, 0.02638, 20.19352
51.63385, 0.00628, 0.00314, 0.28206, 0.00000, 0.47101, 0.05276, 25.25674
51.64052, 0.00628, 0.00314, 0.28206, 0.00000, 0.00000, 0.00000, 3.77783
51.64719, 0.00942, 0.00628, 0.28232, 0.47094, 0.47101, 0.03956, -3.21341
51.65387, 0.00942, 0.00628, 0.28241, 0.00000, 0.00000, 0.01319, -10.06808
51.66054, 0.00942, 0.00628, 0.28259, 0.00000, 0.00000, 0.02638, -2.15633
51.66721, 0.00942, 0.00942, 0.28276, 0.00000, 0.47094, 0.02638, 1.48127
51.67388, 0.00942, 0.00942, 0.28259, 0.00000, 0.00000, -0.02638, -20.64936
51.68055, 0.00942, 0.00942, 0.28250, 0.00000, 0.00000, -0.01319, -26.68571
51.68723, 0.00942, 0.00628, 0.28224, 0.00000, -0.47094, -0.03956, -26.68571
51.69390, 0.00942, 0.00628, 0.28197, 0.00000, 0.00000, -0.03957, -17.18006
51.70057, 0.00628, 0.00314, 0.28162, -0.47094, -0.47101, -0.05276, -13.64193
51.70724, 0.00628, 0.00314, 0.28118, 0.00000, 0.00000, -0.06594, -8.41161
51.71391, 0.00314, 0.00000, 0.28074, -0.47101, -0.47101, -0.06595, -4.89544
51.72058, 0.00314, -0.00314, 0.28013, 0.00000, -0.47101, -0.09232, -11.59330
51.72726, 0.00000, -0.00628, 0.27969, -0.47101, -0.47101, -0.06594, 1.80984
51.73393, 0.00000, -0.00942, 0.27907, 0.00000, -0.47101, -0.09232, 0.01761
51.74060, -0.00314, -0.01257, 0.27889, -0.47101, -0.47101, -0.02638, 24.02784
51.74727, -0.00314, -0.01257, 0.27872, 0.00000, 0.00000, -0.02638, 26.68571
51.75394, -0.00628, -0.01571, 0.27863, -0.47101, -0.47097, -0.01319, 26.68571
51.76062, -0.00628, -0.01571, 0.27845, 0.00000, 0.00000, -0.02638, 17.26363
51.76729, -0.00628, -0.01571, 0.27845, 0.00000, 0.00000, 0.00000, 11.77108
51.77396, -0.00628, -0.01571, 0.27845, 0.00000, 0.00000, 0.00000, 12.62322
51.78063, -0.00628, -0.01571, 0.27854, 0.00000, 0.00000, 0.01319, 12.78899
51.78730, -0.00314, -0.01257, 0.27872, 0.47101, 0.47097, 0.02638, 16.36797
51.79398, -0.00314, -0.01257, 0.27889, 0.00000, 0.00000, 0.02638, 14.65244
51.80065, -0.00314, -0.00942, 0.27925, 0.00000, 0.47101, 0.05275, 16.60881
51.80732, 0.00000, -0.00942, 0.27925, 0.47101, 0.00000, 0.00000, -6.78914
51.81399, 0.00000, -0.00628, 0.27986, 0.00000, 0.47101, 0.09233, 9.78039
51.82066, 0.00000, -0.00628, 0.28004, 0.00000, 0.00000, 0.02637, -2.54127
51.82734, 0.00000, -0.00314, 0.28048, 0.00000, 0.47101, 0.06595, -1.24692
51.83401, 0.00314, -0.00314, 0.28048, 0.47101, 0.00000, 0.00000, -16.66820
51.84068, 0.00314, -0.00314, 0.28092, 0.00000, 0.00000, 0.06594, 0.18337
51.84735, 0.00314, 0.00000, 0.28118, 0.00000, 0.47101, 0.03957, 3.90718
51.85402, 0.00314, 0.00000, 0.28127, 0.00000, 0.00000, 0.01319, -10.02531
51.86069, 0.00314, 0.00000, 0.28136, 0.00000, 0.00000, 0.01319, -16.95810
51.86737, 0.00314, 0.00000, 0.28136, 0.00000, 0.00000, 0.00000, -20.37439
51.87404, 0.00314, 0.00000, 0.28127, 0.00000, 0.00000, -0.01319, -13.76892
51.88071, 0.00314, -0.00314, 0.28092, 0.00000, -0.47101, -0.05276, -22.32603
51.88738, 0.00314, -0.00314, 0.28083, 0.00000, 0.00000, -0.01319, -2.22640
51.89405, 0.00000, -0.00628, 0.28065, -0.47101, -0.47101, -0.02637, 4.18321
51.90073, 0.00000, -0.00628, 0.28057, 0.00000, 0.00000, -0.01319, 10.79008
51.90740, 0.00000, -0.00942, 0.28039, 0.00000, -0.47101, -0.02638, 2.85940
51.91407, 0.00000, -0.00942, 0.28057, 0.00000, 0.00000, 0.02638, 14.95265
51.92075, 0.00000, -0.00942, 0.28083, 0.00000, 0.00000, 0.03956, 25.35057
51.92742, 0.00000, -0.00942, 0.28109, 0.00000, 0.00000, 0.03957, 26.68571
51.93409, 0.00000, -0.00628, 0.28162, 0.00000, 0.47101, 0.07913, 26.68571
51.94076, 0.00314, -0.00628, 0.28206, 0.47101, 0.00000, 0.06595, 18.06952
51.94743, 0.00314, -0.00314, 0.28285, 0.00000, 0.47101, 0.10551, 26.68571
51.95411, 0.00628, 0.00000, 0.28356, 0.47101, 0.47101, 0.10551, 14.40047
51.96078, 0.00942, 0.00628, 0.28435, 0.47094, 0.94202, 0.11870, 12.53207
51.96745, 0.01257, 0.00942, 0.28514, 0.47101, 0.47094, 0.11870, 3.56858
51.97412, 0.01257, 0.01257, 0.28602, 0.00000, 0.47101, 0.13189, 6.78608
51.98079, 0.01571, 0.01885, 0.28646, 0.47101, 0.94202, 0.06594, -16.67342
51.98746, 0.01885, 0.02199, 0.28690, 0.47101, 0.47101, 0.06595, -26.68571
51.99414, 0.01885, 0.02199, 0.28734, 0.00000, 0.00000, 0.06594, -26.68571
52.00081, 0.02199, 0.02513, 0.28752, 0.47101, 0.47101, 0.02638, -26.68571
52.00748, 0.02199, 0.02513, 0.28769, 0.00000, 0.00000, 0.02638, -25.27407
52.01415, 0.02199, 0.02513, 0.28760, 0.00000, 0.00000, -0.01319, -26.68571
52.02082, 0.02199, 0.02513, 0.28752, 0.00000, 0.00000, -0.01319, -25.70331
52.02750, 0.01885, 0.02199, 0.28725, -0.47101, -0.47101, -0.03957, -26.23944
52.03417, 0.01885, 0.02199, 0.28690, 0.00000, -0.47101, -0.05275, -26.65177
52.04084, 0.01571, 0.01571, 0.28637, -0.47101, -0.47101, -0.07914, -26.68571
52.04751, 0.01257, 0.01257, 0.28584, -0.47101, -0.47101, -0.07913, -11.13838
52.05418, 0.01257, 0.00942, 0.28523, 0.00000, -0.47101, -0.09232, -5.38891
52.06086, 0.00942, 0.00628, 0.28470, -0.47101, -0.47094, -0.07914, 10.63180
52.06753, 0.00628, 0.00314, 0.28408, -0.47094, -0.47101, -0.09232, 10.35816
52.07420, 0.00628, 0.00000, 0.28338, 0.00000, -0.47101, -0.10551, 2.45489
52.08087, 0.00314, -0.00314, 0.28294, -0.47101, -0.47101, -0.06594, 15.35878
52.08754, 0.00314, -0.00628, 0.28241, 0.00000, -0.47101, -0.07914, 13.15879
52.09422, 0.00000, -0.00628, 0.28206, -0.47101, 0.00000, -0.05275, 26.68571
52.10089, 0.00000, -0.00628, 0.28171, 0.00000, 0.00000, -0.05276, 15.71273
52.10756, 0.00000, -0.00942, 0.28153, 0.00000, -0.47101, -0.02638, 13.67365
52.11423, 0.00000, -0.00942, 0.28153, 0.00000, 0.00000, 0.00000, 23.84312
52.12090, 0.00000, -0.00628, 0.28171, 0.00000, 0.47101, 0.02638, 26.68571
52.12757, 0.00000, -0.00628, 0.28162, 0.00000, 0.00000, -0.01319, 6.75763
52.13425, 0.00000, -0.00628, 0.28189, 0.00000, 0.00000, 0.03957, 3.17425
52.14092, 0.00000, -0.00314, 0.28206, 0.00000, 0.47101, 0.02638, 4.65881
52.14759, 0.00314, -0.00314, 0.28171, 0.47101, 0.00000, -0.05276, -18.91321
52.15426, 0.00314, -0.00314, 0.28206, 0.00000, 0.00000, 0.05276, -2.36684
52.16093, 0.00314, -0.00314, 0.28189, 0.00000, 0.00000, -0.02638, -7.16335
52.16761, 0.00314, -0.00314, 0.28206, 0.00000, 0.00000, 0.02638, 2.26583
52.17428, 0.00314, -0.00314, 0.28215, 0.00000, 0.00000, 0.01319, 6.65625
52.18095, 0.00314, -0.00314, 0.28206, 0.00000, 0.00000, -0.01319, 0.59184
52.18763, 0.00314, -0.00314, 0.28206, 0.00000, 0.00000, 0.00000, -2.38241
52.19430, 0.00314, -0.00314, 0.28215, 0.00000, 0.00000, 0.01319, 4.33606
52.20097, 0.00314, -0.00314, 0.28215, 0.00000, 0.00000, 0.00000, 7.58724
52.20764, 0.00314, -0.00314, 0.28224, 0.00000, 0.00000, 0.01319, 9.37099
52.21431, 0.00314, -0.00314, 0.28241, 0.00000, 0.00000, 0.02637, 18.41443
52.22099, 0.00314, 0.00000, 0.28259, 0.00000, 0.47101, 0.02638, 10.70209
52.22766, 0.00314, 0.00000, 0.28250, 0.00000, 0.00000, -0.01319, -8.74217
52.23433, 0.00314, 0.00314, 0.28259, 0.00000, 0.47101, 0.01319, -14.71609
52.24100, 0.00628, 0.00314, 0.28232, 0.47101, 0.00000, -0.03957, -26.68571
52.24767, 0.00628, 0.00314, 0.28224, 0.00000, 0.00000, -0.01318, -17.88532
52.25434, 0.00314, 0.00000, 0.28197, -0.47101, -0.47101, -0.03957, -14.57946
52.26102, 0.00314, 0.00000, 0.28162, 0.00000, 0.00000, -0.05276, -17.83218
52.26769, 0.00314, -0.00314, 0.28118, 0.00000, -0.47101, -0.06594, -18.55878
52.27436, 0.00000, -0.00314, 0.28101, -0.47101, 0.00000, -0.02638, -2.96172
52.28103, 0.00000, -0.00628, 0.28013, 0.00000, -0.47101, -0.13189, -19.56135
52.28770, -0.00314, -0.00942, 0.27986, -0.47101, -0.47101, -0.03956, -7.09078
52.29438, -0.00628, -0.01257, 0.27925, -0.47101, -0.47101, -0.09233, -1.36372
52.30105, -0.00628, -0.01571, 0.27863, 0.00000, -0.47097, -0.09232, -2.60824
52.30772, -0.00942, -0.01885, 0.27837, -0.47101, -0.47101, -0.03957, 21.61988
52.31439, -0.01257, -0.02199, 0.27784, -0.47101, -0.47101, -0.07913, 12.95235
52.32106, -0.01257, -0.02513, 0.27740, 0.00000, -0.47101, -0.06594, 4.45454
52.32774, -0.01257, -0.02827, 0.27713, 0.00000, -0.47101, -0.03957, 20.44790
52.33441, -0.01571, -0.02827, 0.27705, -0.47097, 0.00000, -0.01319, 26.68571
52.34108, -0.01571, -0.02827, 0.27687, 0.00000, 0.00000, -0.02638, 17.34714
52.34775, -0.01571, -0.02827, 0.27687, 0.00000, 0.00000, 0.00000, 22.21898
52.35442, -0.01571, -0.02827, 0.27696, 0.00000, 0.00000, 0.01319, 16.02693
52.36110, -0.01571, -0.02827, 0.27705, 0.00000, 0.00000, 0.01319, 16.53116
52.36777, -0.01571, -0.02827, 0.27731, 0.00000, 0.00000, 0.03957, 20.17719
52.37444, -0.01257, -0.02513, 0.27757, 0.47097, 0.47101, 0.03956, 13.36696
52.38111, -0.01257, -0.02513, 0.27793, 0.00000, 0.00000, 0.05276, 18.52609
52.38778, -0.00942, -0.02199, 0.27863, 0.47101, 0.47101, 0.10551, 23.75833
52.39445, -0.00942, -0.01885, 0.27933, 0.00000, 0.47101, 0.10551, 22.64236
52.40113, -0.00628, -0.01571, 0.27986, 0.47101, 0.47101, 0.07914, -2.92535
52.40780, -0.00314, -0.01257, 0.28074, 0.47101, 0.47097, 0.13188, 4.69750
52.41447, -0.00314, -0.00942, 0.28162, 0.00000, 0.47101, 0.13189, 12.29997
52.42114, 0.00000, -0.00628, 0.28232, 0.47101, 0.47101, 0.10551, -0.75723
52.42781, 0.00314, -0.00314, 0.28320, 0.47101, 0.47101, 0.13189, 1.20206
52.43449, 0.00314, 0.00000, 0.28408, 0.00000, 0.47101, 0.13189, 6.13164
52.44116, 0.00628, 0.00628, 0.28470, 0.47101, 0.94202, 0.09232, -8.10552
52.44783, 0.00942, 0.00942, 0.28514, 0.47094, 0.47094, 0.06595, -26.07591
52.45450, 0.00942, 0.00942, 0.28558, 0.00000, 0.00000, 0.06594, -26.68571
52.46118, 0.01257, 0.01257, 0.28576, 0.47101, 0.47101, 0.02638, -26.68571
52.46785, 0.01257, 0.01257, 0.28602, 0.00000, 0.00000, 0.03957, -20.44638
52.47452, 0.01257, 0.01257, 0.28602, 0.00000, 0.00000, 0.00000, -19.17044
52.48119, 0.01257, 0.00942, 0.28593, 0.00000, -0.47101, -0.01319, -21.81902
52.48787, 0.00942, 0.00942, 0.28628, -0.47101, 0.00000, 0.05275, 1.22503
52.49454, 0.00942, 0.00628, 0.28593, 0.00000, -0.47094, -0.05275, -15.42712
